Gender,Married,Dependents,Education,Self_Employed,Loan_Amount_Term,Credit_History,Loan_Status,Total_Income,Monthly_Repayment,Loan_Income_Ratio,Property_Area_Semiurban,Property_Area_Urban,Monthly_Income,Repayment_Burden_Pct,Log_Total_Income,Income_to_LoanTerm_Interaction,Income_Band,Repayment_Risk_Category,Credit_Profile_Segment
1,0,0,1,0,0.0,1,1,0.1288832600759889,-0.0256410256410255,-0.2512038406388249,0,1,0.010740271672999076,-238.71499038126706,0.1212288786485261,0.0,Upper-Middle Income,Low Risk,Prime Capacity
1,1,1,1,0,0.0,1,0,0.2009982865231319,-0.0256410256410255,-0.3484876634475491,0,0,0.016749857210260993,-153.07291632405952,0.18315311638836237,0.0,Upper-Middle Income,Low Risk,Prime Capacity
1,1,0,1,1,0.0,1,1,-0.7201072785517395,-0.8205128205128205,-0.2382340314805883,0,1,-0.06000893987931163,1367.3404255554206,-1.273348886913667,-0.0,Low Income,Low Risk,Credit-Positive but Stretched
1,1,0,0,0,0.0,1,1,-0.1416970870893243,-0.1282051282051282,0.0176081973011063,0,1,-0.011808090590777025,1085.8316637739206,-0.15279819644958254,-0.0,Lower-Middle Income,Low Risk,Credit-Positive but Stretched
1,0,0,1,0,0.0,1,1,0.1738806526111897,0.1410256410256412,-0.0704012576608388,0,1,0.014490054384265809,973.1910272779387,0.1603150574744094,0.0,Upper-Middle Income,Low Risk,Credit-Positive but Stretched
1,1,2,1,1,0.0,1,1,1.250540117708411,1.7564102564102566,0.4079096354863363,0,1,0.10421167647570091,1685.409410648613,0.8111702397232313,0.0,High Income,Low Risk,Credit-Positive but Stretched
1,1,0,0,0,0.0,1,1,-0.4671086940326305,-0.4487179487179485,0.0618213753553785,0,1,-0.03892572450271921,1152.7838782432536,-0.6294378043792521,-0.0,Low Income,Low Risk,Credit-Positive but Stretched
1,1,3,1,0,0.0,0,0,0.0368025031662072,0.3589743589743592,0.4912629348695141,1,0,0.0030668752638506,11701.074134409155,0.03614146093221722,0.0,Upper-Middle Income,Low Risk,Credit-Challenged
1,1,2,1,0,0.0,1,1,0.0344185353497727,0.4871794871794874,0.6981345027154978,0,1,0.0028682112791477248,16979.561272469273,0.03383946725326375,0.0,Upper-Middle Income,Low Risk,Credit-Positive but Stretched
1,1,1,1,0,0.0,1,0,2.1273560306935857,2.1666666666666665,-1.059683432915468,1,0,0.17727966922446547,1222.167468198872,1.1401879289479904,0.0,High Income,Low Risk,Credit-Positive but Stretched
1,1,2,1,0,0.0,1,1,-0.4519108992028607,-0.7692307692307692,-0.6915259676091425,0,1,-0.03765924160023839,2042.662473188604,-0.6013174125553715,-0.0,Low Income,Low Risk,Credit-Positive but Stretched
1,1,2,1,0,0.0,1,1,-0.3207926692989644,-0.2692307692307692,0.1103218981727163,0,1,-0.026732722441580366,1007.1583296555149,-0.3868288509027332,-0.0,Lower-Middle Income,Low Risk,Credit-Positive but Stretched
1,1,2,1,0,0.0,1,1,1.71720181777546,0.8974358974358977,-0.6980188639779289,0,1,0.14310015148128832,627.1339455666399,0.9996026073232521,0.0,High Income,Low Risk,Credit-Positive but Stretched
1,0,0,1,0,0.0,1,0,-0.2156000893987931,-0.2051282051282049,0.0181582761630775,0,0,-0.017966674116566092,1141.778503813875,-0.24283629863087675,-0.0,Lower-Middle Income,Low Risk,Credit-Positive but Stretched
1,1,2,1,0,-240.0,1,1,-0.90337480444014,-1.012820512820513,-1.9022531754041423,0,1,-0.075281233703345,1345.400330200502,-2.336915748171191,216.80995306563358,Low Income,Low Risk,Credit-Positive but Stretched
1,0,0,1,0,0.0,1,1,-0.1390151232958355,-0.0641025641025639,0.1256861918861412,0,1,-0.011584593607986292,553.3909965415954,-0.14967833951219478,-0.0,Lower-Middle Income,Low Risk,Credit-Positive but Stretched
1,0,1,0,0,-120.0,1,1,-0.5425016762273709,0.2564102564102566,0.411690139736862,0,1,-0.04520847301894757,-567.1855542617672,-0.7819820581582367,65.10020114728451,Low Income,Low Risk,Prime Capacity
0,0,0,1,0,0.0,0,0,-0.5681293302540416,-0.6923076923076923,-0.2771240569430945,0,1,-0.04734411085450346,1462.3198176294688,-0.8396291111479032,-0.0,Low Income,Low Risk,Credit-Challenged
1,1,0,0,0,0.0,1,0,-0.157788869850257,0.0384615384615386,0.3452713328970307,0,0,-0.013149072487521417,-292.5260603639181,-0.17172454777556584,-0.0,Lower-Middle Income,Low Risk,Prime Capacity
1,1,0,1,0,0.0,1,1,0.2036802503166207,-0.1923076923076921,-0.5904077208072758,0,1,0.016973354193051727,-1132.930832717107,0.18538373878919437,0.0,Upper-Middle Income,Low Risk,Prime Capacity
1,1,0,0,0,0.0,0,0,0.6685539745213439,-0.3333333333333331,-1.1806683715023671,0,1,0.055712831210111995,-598.295479045845,0.5119573678148346,0.0,High Income,Low Risk,Credit-Challenged
1,1,1,1,0,0.0,1,1,1.8366982045742384,2.1666666666666665,0.3438181443917036,0,1,0.15305818371451987,1415.57442950163,1.0426407718016342,0.0,High Income,Low Risk,Credit-Positive but Stretched
1,1,0,0,0,0.0,0,0,-0.2698353572226775,-0.1794871794871793,0.177422751741367,1,0,-0.022486279768556456,798.2430342635772,-0.3144852322184562,-0.0,Lower-Middle Income,Low Risk,Credit-Challenged
1,1,2,0,0,0.0,0,0,-0.0400804589138046,-0.2307692307692308,-0.3272872917529884,0,0,-0.00334003824281705,6911.248508928053,-0.04090580940117059,-0.0,Lower-Middle Income,Low Risk,Credit-Challenged
1,1,1,1,0,0.0,1,0,0.3651940698800566,0.2692307692307694,-0.1560948560168627,1,0,0.030432839156671384,884.6428077798113,0.3112965942672161,0.0,Upper-Middle Income,Low Risk,Credit-Positive but Stretched
1,1,0,1,1,0.0,1,1,1.2347463309245326,0.7820512820512823,-0.4643518271707947,1,0,0.10289552757704439,760.0366119893762,0.804127723156323,0.0,High Income,Low Risk,Credit-Positive but Stretched
1,1,0,1,0,0.0,1,1,-0.1086195336362959,-0.1025641025641023,0.0021978229120217,1,0,-0.009051627803024659,1133.226388227191,-0.11498393214516237,-0.0,Lower-Middle Income,Low Risk,Credit-Positive but Stretched
1,1,2,0,0,0.0,1,1,-0.0448483945466736,-0.2564102564102564,-0.362573491208804,0,1,-0.0037373662122228003,6862.556876021942,-0.045885201934935414,-0.0,Lower-Middle Income,Low Risk,Credit-Positive but Stretched
1,0,0,0,0,0.0,1,0,-1.184385010802354,-1.217948717948718,0.0159592958580615,0,1,-0.09869875090019616,1234.0187155635554,,-0.0,Low Income,Low Risk,Credit-Positive but Stretched
0,0,2,1,0,0.0,1,1,0.12411532444312,-0.1282051282051282,-0.3979432348434361,1,0,0.010342943703593333,-1239.4221380051754,0.11699634802601526,0.0,Upper-Middle Income,Low Risk,Prime Capacity
1,1,1,1,0,0.0,1,0,0.6313044773895552,0.9102564102564108,0.2849023208016303,0,1,0.0526087064491296,1730.2062142022664,0.4893799876321059,0.0,High Income,Low Risk,Credit-Positive but Stretched
1,0,0,1,0,0.0,1,0,-0.6703419503836698,-0.7179487179487181,-0.0853986289873275,0,1,-0.055861829198639155,1285.2453646824995,-1.1096993750456063,-0.0,Low Income,Low Risk,Credit-Positive but Stretched
1,0,1,1,1,0.0,1,0,-0.2158980853758474,-0.3076923076923076,-0.1720357109174135,0,0,-0.01799150711465395,1710.3036936723179,-0.2432162739370539,-0.0,Lower-Middle Income,Low Risk,Credit-Positive but Stretched
1,1,0,1,0,0.0,1,1,-0.0743499962750502,-0.2051282051282049,-0.2311746825011368,1,0,-0.0061958330229208505,3311.2790025046934,-0.07725908152280653,-0.0,Lower-Middle Income,Low Risk,Credit-Positive but Stretched
1,0,3,1,0,0.0,1,0,2.1273560306935857,2.1666666666666665,-0.3898249239629428,0,0,0.17727966922446547,1222.167468198872,1.1401879289479904,0.0,High Income,Low Risk,Credit-Positive but Stretched
1,1,0,1,0,0.0,1,1,-0.3201966773448558,-0.0256410256410255,0.5986364065004013,0,1,-0.02668305644540465,96.09838617008683,-0.38595175403694376,-0.0,Lower-Middle Income,Low Risk,Credit-Positive but Stretched
1,1,0,1,0,0.0,0,0,-0.6730239141771586,-0.3846153846153846,0.8432368547499444,0,1,-0.05608532618142988,685.7805215866796,-1.117868242799402,-0.0,Low Income,Low Risk,Credit-Challenged
0,1,0,1,0,0.0,1,1,-0.0865678313342769,0.1794871794871796,0.4433997129391199,1,0,-0.007213985944523074,-2488.38942523473,-0.09054616025524899,-0.0,Lower-Middle Income,Low Risk,Prime Capacity
1,0,0,1,0,0.0,1,1,1.775907025255159,0.6923076923076924,-0.8900515178016406,0,1,0.14799225210459657,467.796796450147,1.0209775497404345,0.0,High Income,Low Risk,Credit-Positive but Stretched
1,0,0,0,0,0.0,1,1,-0.0001489979885271,-0.2564102564102564,-0.4273041380781199,1,0,-1.2416499043924999e-05,2245962.229083693,-0.0001490090898301208,-0.0,Lower-Middle Income,Low Risk,Credit-Positive but Stretched
1,0,0,1,0,0.0,1,0,-0.5413096923191537,-0.641025641025641,-0.2133699168406255,0,1,-0.04510914102659614,1421.0863636514898,-0.779380007576426,-0.0,Low Income,Low Risk,Credit-Positive but Stretched
1,0,0,1,0,0.0,1,1,-0.7162333308500335,-1.0641025641025643,-0.95442451181861,0,1,-0.059686110904169455,1782.8609983000447,-1.259602966009032,-0.0,Low Income,Low Risk,Credit-Positive but Stretched
1,1,0,1,0,0.0,1,1,-0.8989048647843254,-0.7051282051282051,0.7967347404078668,0,1,-0.07490873873202712,941.3289161627363,-2.291693272652767,-0.0,Low Income,Low Risk,Credit-Positive but Stretched
1,1,0,1,0,0.0,1,1,0.2564255382552335,0.0512820512820514,-0.3112102277546102,1,0,0.02136879485460279,239.97446690980223,0.2282708150081145,0.0,Upper-Middle Income,Low Risk,Credit-Positive but Stretched
1,1,0,0,1,0.0,1,1,-0.2150040974446845,-0.4358974358974358,-0.4119650816965591,0,1,-0.017917008120390373,2433.005349005937,-0.2420767808881085,-0.0,Lower-Middle Income,Low Risk,Credit-Positive but Stretched
0,0,0,1,0,0.0,1,1,-0.5979289279594725,-0.5384615384615384,0.1876641902555499,0,1,-0.04982741066328938,1080.6749498780591,-0.9111264098689932,-0.0,Low Income,Low Risk,Credit-Positive but Stretched
1,1,1,1,0,0.0,1,1,0.069284064665127,-1.1025641025641026,-1.8282829388626445,0,1,0.00577367205542725,-19093.10333091335,0.06698932608374421,0.0,Upper-Middle Income,Low Risk,Prime Capacity
1,1,0,1,0,0.0,1,1,0.1205393727184683,0.1794871794871796,0.0681186855942748,0,1,0.010044947726539025,1786.6624869350733,0.11381015216757723,0.0,Upper-Middle Income,Low Risk,Credit-Positive but Stretched
0,1,0,1,0,0.0,0,0,0.199210310660806,-0.1282051282051282,-0.4932699748254173,0,1,0.016600859221733832,-772.2335582588981,0.18166326571859326,0.0,Upper-Middle Income,Low Risk,Credit-Challenged
0,0,0,1,0,0.0,1,1,0.2558295463011249,0.1794871794871796,-0.1321405383355673,1,0,0.021319128858427076,841.8672357894065,0.2277963472926718,0.0,Upper-Middle Income,Low Risk,Credit-Positive but Stretched
0,1,0,0,0,0.0,1,1,-0.5496535796766744,-0.3846153846153846,0.432595883436126,1,0,-0.0458044649730562,839.7080544924577,-0.7977381694387431,-0.0,Low Income,Low Risk,Credit-Positive but Stretched
0,0,0,1,0,0.0,1,1,-0.694479624525069,-0.1282051282051282,1.6510358277113557,1,0,-0.057873302043755744,221.53106698295088,-1.185738807095577,-0.0,Low Income,Low Risk,Credit-Positive but Stretched
0,0,0,1,0,0.0,1,0,-0.3535722267749385,-0.2307692307692308,0.2627514273288766,1,0,-0.029464352231244873,783.2415977585468,-0.4362938066941463,-0.0,Lower-Middle Income,Low Risk,Credit-Positive but Stretched
1,1,2,1,0,0.0,1,0,-0.2385457796319749,0.0512820512820514,0.5482821217405602,0,1,-0.019878814969331242,-257.9863599755436,-0.2725252261585598,-0.0,Lower-Middle Income,Low Risk,Prime Capacity
0,1,1,1,1,0.0,0,0,1.812858526409893,2.0000000000000004,0.082837361913715,0,1,0.15107154386749108,1323.8672950091068,1.0342012354630072,0.0,High Income,Low Risk,Credit-Challenged
1,1,2,1,0,0.0,1,1,-0.4593607986292185,-0.4230769230769229,0.1010408231227761,1,0,-0.03828006655243488,1105.2435735270342,-0.6150031332094992,-0.0,Low Income,Low Risk,Credit-Positive but Stretched
1,1,0,1,0,0.0,1,1,-0.5046561871414736,-0.4358974358974358,0.1853374814956045,1,0,-0.04205468226178947,1036.5262028278985,-0.7025031860851813,-0.0,Low Income,Low Risk,Credit-Positive but Stretched
1,1,0,1,0,0.0,1,0,0.0445503985696193,0.0641025641025642,0.0140076316994592,0,0,0.0037125332141349416,1726.1879834161314,0.04358655223349546,0.0,Upper-Middle Income,Low Risk,Credit-Positive but Stretched
1,1,1,1,0,0.0,1,1,1.464203233256351,0.6410256410256413,-0.7501266994845485,0,1,0.12201693610469592,525.3536172547759,0.9018685232992635,0.0,High Income,Low Risk,Credit-Positive but Stretched
1,1,2,0,0,0.0,1,1,0.2382477836549206,0.1794871794871796,-0.1077694299527522,0,1,0.019853981971243384,903.9906444998877,0.21369730258347397,0.0,Upper-Middle Income,Low Risk,Credit-Positive but Stretched
1,1,0,1,0,0.0,1,1,0.2620874618192654,-0.1282051282051282,-0.5672175457702118,0,1,0.021840621818272118,-586.9762294752087,0.23276706585331025,0.0,Upper-Middle Income,Low Risk,Prime Capacity
1,1,3,1,0,0.0,1,1,-0.7114653952171646,-0.3974358974358974,0.957188930190972,0,1,-0.059288782934763716,670.3504124504185,-1.242940252972884,-0.0,Low Income,Low Risk,Credit-Positive but Stretched
1,1,0,0,1,-180.0,0,0,0.1911644192803397,2.1666666666666665,0.3476938783529908,0,0,0.015930368273361643,13600.003649965734,0.17493133229778424,-34.40959547046115,Upper-Middle Income,Low Risk,Credit-Challenged
1,1,1,1,0,0.0,0,0,-0.140505103181107,-0.0256410256410255,0.1964228724732218,0,0,-0.011708758598425585,219.00883440211695,-0.15141039156034636,-0.0,Lower-Middle Income,Low Risk,Credit-Challenged
0,0,0,1,0,0.0,0,0,-0.3726439693064143,-0.1794871794871793,0.4156933772189252,1,0,-0.031053664108867857,578.0089555534215,-0.4662410674576438,-0.0,Low Income,Low Risk,Credit-Challenged
1,1,0,1,0,0.0,1,0,1.4615212694628623,1.6410256410256412,0.0971604946593469,1,0,0.1217934391219052,1347.3732075592739,0.9007795610330874,0.0,High Income,Low Risk,Credit-Positive but Stretched
1,0,0,0,0,-180.0,0,0,0.0111748491395366,1.5641025641025643,-0.1148981756922574,0,1,0.0009312374282947167,167779.4214896176,0.011112871810329002,-2.011472845116588,Upper-Middle Income,Low Risk,Credit-Challenged
1,1,1,1,0,0.0,1,1,1.589361543619161,2.1666666666666665,0.5475876381870758,0,1,0.13244679530159675,1635.864652735783,0.9514113370681422,0.0,High Income,Low Risk,Credit-Positive but Stretched
1,1,3,0,1,-300.0,1,1,0.5016762273709305,2.1666666666666665,-0.729913143515911,0,1,0.041806352280910876,5182.501518174258,0.4065819691006236,-150.50286821127915,Upper-Middle Income,Low Risk,Credit-Positive but Stretched
0,0,0,1,0,0.0,0,0,-0.3327125083811368,0.076923076923077,0.8390181911764083,1,0,-0.027726042365094735,-277.44980840830596,-0.4045343040124407,-0.0,Lower-Middle Income,Low Risk,Credit-Challenged
1,1,0,1,0,0.0,1,1,0.2555315503240706,0.5384615384615387,0.367611786413847,0,1,0.021294295860339218,2528.546877173846,0.22755902898838384,0.0,Upper-Middle Income,Low Risk,Credit-Positive but Stretched
1,1,2,0,1,0.0,1,1,-0.4966102957610072,-0.4230769230769229,0.1944015632547659,1,0,-0.041384191313417265,1022.3400120902537,-0.6863906489354614,-0.0,Low Income,Low Risk,Credit-Positive but Stretched
1,0,0,1,0,-60.0,1,1,-0.5711092900245847,-0.4205128205128204,-0.1103614419036364,1,0,-0.047592440835382055,883.5891772374927,-0.8465531478118264,34.26655740147508,Low Income,Low Risk,Credit-Positive but Stretched
1,1,3,0,0,0.0,0,0,-0.1971243388214259,-0.4487179487179485,-0.4643641340263707,1,0,-0.016427028235118827,2731.749527610029,-0.21955541989080438,-0.0,Lower-Middle Income,Low Risk,Credit-Challenged
1,1,3,1,1,0.0,1,1,0.4837964687476719,0.7307692307692311,0.2722573222211497,1,0,0.04031637239563932,1812.5418085238862,0.39460398489963294,0.0,Upper-Middle Income,Low Risk,Credit-Positive but Stretched
1,0,0,1,0,120.0,1,0,-0.4966102957610072,-0.5801282051282052,0.6717925643420533,0,1,-0.041384191313417265,1401.845016578303,-0.6863906489354614,-59.59323549132086,Low Income,Low Risk,Credit-Positive but Stretched
1,0,0,1,0,0.0,1,0,0.918870595246964,0.5897435897435901,-0.3830309343839015,0,1,0.07657254960391367,770.1661902760327,0.6517367813213756,0.0,High Income,Low Risk,Credit-Positive but Stretched
1,1,1,1,1,0.0,1,0,-0.4155553900022349,-0.2564102564102564,0.3603222359660766,0,1,-0.034629615833519575,740.4577117461857,-0.537093267320503,-0.0,Low Income,Low Risk,Credit-Positive but Stretched
1,1,3,1,0,-60.0,0,0,0.5216419578335693,1.1025641025641029,0.1103111067269115,1,0,0.04347016315279744,2536.311482369781,0.41978998724056754,-31.298517470014154,Upper-Middle Income,Low Risk,Credit-Challenged
1,1,3,0,1,0.0,1,1,0.0245846681069805,0.0,-0.054662802117458,1,0,0.0020487223422483753,0.0,0.02428732862707162,0.0,Upper-Middle Income,Low Risk,Prime Capacity
0,0,0,1,0,0.0,1,1,-0.4680026819637934,-0.2435897435897436,0.5294503567245683,1,0,-0.03900022349698278,624.6015221523301,-0.631116830938526,-0.0,Low Income,Low Risk,Credit-Positive but Stretched
1,1,1,1,1,0.0,1,1,-0.900394844669597,-0.0256410256410255,1.9507776780404296,1,0,-0.07503290372246642,34.17349736435908,-2.306541355385693,-0.0,Low Income,Low Risk,Prime Capacity
0,1,2,1,0,0.0,1,0,-0.6429263204946734,0.4743589743589746,1.9507776780404296,0,1,-0.05357719337455611,-885.3913361158142,-1.029813133328005,-0.0,Low Income,Low Risk,Prime Capacity
1,1,0,1,0,0.0,1,0,0.8443716009833867,1.730769230769231,0.8942133716668127,1,0,0.0703643000819489,2459.691394413924,0.6121386238036495,0.0,High Income,Low Risk,Credit-Positive but Stretched
1,1,1,1,0,-120.0,1,1,-0.4256872532220815,-0.7051282051282051,-1.2969664876594695,0,1,-0.03547393776850679,1987.7919605356865,-0.554581176028374,51.08247038664978,Low Income,Low Risk,Credit-Positive but Stretched
1,0,0,1,0,0.0,1,1,-0.1548089100797139,0.076923076923077,0.4075982719417843,1,0,-0.012900742506642825,-596.3148247607644,-0.16819253527369396,-0.0,Lower-Middle Income,Low Risk,Prime Capacity
1,1,2,0,0,0.0,1,1,-0.0248826640840348,-0.3974358974358974,-0.6227209885429958,1,0,-0.002073555340336233,19176.12956821799,-0.02519747069591673,-0.0,Lower-Middle Income,Low Risk,Credit-Positive but Stretched
1,1,0,1,0,0.0,1,1,-0.2379497876778663,-0.3333333333333331,-0.17998803923825,1,0,-0.019829148973155523,1681.1117053065252,-0.2717428300306286,-0.0,Lower-Middle Income,Low Risk,Credit-Positive but Stretched
1,0,0,1,0,0.0,1,1,0.9385383297325486,1.0256410256410262,0.0432244952738644,0,1,0.07821152747771239,1311.3513381002745,0.6619342508157742,0.0,High Income,Low Risk,Credit-Positive but Stretched
1,1,0,1,0,0.0,1,1,1.324741115994934,0.576923076923077,-0.7143331675971276,1,0,0.11039509299957784,522.5937451656764,0.8436086848805072,0.0,High Income,Low Risk,Credit-Positive but Stretched
1,1,0,1,0,0.0,1,1,0.1315652238694777,0.012820512820513,-0.1976653719161011,1,0,0.010963768655789808,116.92460847081611,0.12360182815038272,0.0,Upper-Middle Income,Low Risk,Credit-Positive but Stretched
1,1,2,1,0,-180.0,1,1,1.9332489011398344,2.1666666666666665,-0.9327248464443904,1,0,0.1611040750949862,1344.8779719628435,1.0761106486994634,-347.9848022051702,High Income,Low Risk,Credit-Positive but Stretched
1,1,2,0,0,0.0,1,1,-0.0964016985770692,-0.6282051282051282,-0.92028603697937,0,1,-0.008033474881422434,7820.816591136134,-0.10137037417875554,-0.0,Lower-Middle Income,Low Risk,Credit-Positive but Stretched
1,0,0,1,0,0.0,1,1,-0.3824778365492066,-0.1025641025641023,0.6030008445053613,1,0,-0.03187315304576722,321.7984753550351,-0.4820403188961099,-0.0,Low Income,Low Risk,Credit-Positive but Stretched
1,0,0,0,0,-240.0,1,1,-0.5353497727780675,-0.7051282051282051,-1.9270706358104437,1,0,-0.044612481064838956,1580.5980619727952,-0.7664703559615135,128.4839454667362,Low Income,Low Risk,Credit-Positive but Stretched
1,0,0,1,0,0.0,1,0,0.4069135066676599,-0.0256410256410255,-0.5880547467144394,0,1,0.03390945888897166,-75.61391523770993,0.34139830265892107,0.0,Upper-Middle Income,Low Risk,Prime Capacity
0,1,0,1,0,0.0,1,1,-0.1878864635327423,0.0897435897435898,0.5030449199439297,1,0,-0.015657205294395193,-573.2141860436471,-0.20811512535927754,-0.0,Lower-Middle Income,Low Risk,Prime Capacity
1,1,0,1,0,0.0,1,1,-0.7278551739551516,-1.0256410256410258,-0.8186698159439588,1,0,-0.06065459782959597,1690.9813470958904,-1.3014209056923538,-0.0,Low Income,Low Risk,Credit-Positive but Stretched
1,1,0,0,0,-180.0,1,1,-0.3660880578112195,1.2820512820512826,0.3726110084135143,1,0,-0.030507338150934957,-4202.57349704881,-0.45584522663807864,65.8958504060195,Lower-Middle Income,Low Risk,Prime Capacity
1,1,0,1,0,0.0,1,1,-0.034716531326827,0.012820512820513,0.0657649550608446,1,0,-0.002893044277235583,-443.30278486495854,-0.03533347085882519,-0.0,Lower-Middle Income,Low Risk,Prime Capacity
1,1,2,0,0,-180.0,1,1,0.6360724130224242,1.743589743589744,-0.7290261680150644,0,1,0.05300603441853535,3289.3553897443667,0.492298499439657,-114.49303434403636,High Income,Low Risk,Credit-Positive but Stretched
1,0,0,1,0,0.0,1,1,0.9632719958280564,0.2692307692307694,-0.7463571817555426,1,0,0.0802726663190047,335.3911457847905,0.674612466993636,0.0,High Income,Low Risk,Credit-Positive but Stretched
1,1,0,1,0,0.0,1,1,2.1273560306935857,-0.0256410256410255,-1.6505703894362824,0,1,0.17727966922446547,-14.463520333714383,1.1401879289479904,0.0,High Income,Low Risk,Prime Capacity
1,1,0,1,0,0.0,1,1,0.839901661327572,-0.0256410256410255,-0.9606520508285812,1,0,0.06999180511063101,-36.63380200364474,0.6097121252619957,0.0,High Income,Low Risk,Prime Capacity
1,1,0,1,0,0.0,1,1,-0.2522535945764732,0.3846153846153848,1.2175408381506738,0,1,-0.021021132881372764,-1829.7476366394249,-0.29069138867383576,-0.0,Lower-Middle Income,Low Risk,Prime Capacity
1,1,1,1,0,0.0,1,1,-0.3976756313789764,-0.3846153846153846,0.0412405662437567,0,1,-0.03313963594824803,1160.6252750295187,-0.5069591604764289,-0.0,Low Income,Low Risk,Credit-Positive but Stretched
1,1,2,1,0,0.0,1,1,2.1236683304775386,1.2179487179487185,-0.6926924808159923,0,1,0.1769723608731282,688.2101983822656,1.1390080581201767,0.0,High Income,Low Risk,Credit-Positive but Stretched
1,0,0,0,0,0.0,1,0,0.5711092900245847,-0.1282051282051282,-0.8687951670662939,0,0,0.047592440835382055,-269.37562394063673,0.4517819240241283,0.0,Upper-Middle Income,Low Risk,Prime Capacity
1,1,2,1,0,0.0,0,0,0.5910750204872234,1.1025641025641029,0.56615367727713,0,1,0.04925625170726861,2238.3792524937066,0.46440990128434684,0.0,Upper-Middle Income,Low Risk,Credit-Challenged
1,1,3,0,0,120.0,1,1,-0.7722565745362437,-0.7628205128205128,1.0232347227752276,1,0,-0.06435471454468698,1185.3558387695134,-1.4795356105968016,-92.67078894434925,Low Income,Low Risk,Credit-Positive but Stretched
1,0,0,1,0,0.0,1,1,-0.0299485956939581,0.076923076923077,0.1626787695877071,0,1,-0.0024957163078298417,-3083.4398557322347,-0.030406214758907743,-0.0,Lower-Middle Income,Low Risk,Prime Capacity
0,1,0,1,0,0.0,1,1,-0.0460403784548908,0.1153846153846154,0.2558445612567356,1,0,-0.0038366982045742334,-3008.1776310507,-0.047133933854010414,-0.0,Lower-Middle Income,Low Risk,Prime Capacity
1,1,0,0,0,0.0,0,0,0.676301869924756,0.2820512820512822,-0.4870498672102404,0,0,0.05635848916039634,500.4503877751236,0.5165900991616948,0.0,High Income,Low Risk,Credit-Challenged
0,0,1,1,1,0.0,1,1,0.6062728153169932,-0.0256410256410255,-0.77765951362196,1,0,0.05052273460974943,-50.75045587797388,0.4739164736489162,0.0,Upper-Middle Income,Low Risk,Prime Capacity
1,0,0,1,0,0.0,1,1,-0.1092155255904045,-0.1538461538461538,-0.0853566533477473,1,0,-0.009101293799200374,1690.5624943633352,-0.11565277256805606,-0.0,Lower-Middle Income,Low Risk,Credit-Positive but Stretched
1,1,1,1,0,-180.0,1,1,2.1273560306935857,2.1666666666666665,-1.280363192688447,0,0,0.17727966922446547,1222.167468198872,1.1401879289479904,-382.92408552484545,High Income,Low Risk,Credit-Positive but Stretched
0,1,0,1,0,0.0,1,1,0.0099828652313193,0.3076923076923078,0.4618390678776327,1,0,0.0008319054359432749,36942.04580905907,0.009933365591753205,0.0,Upper-Middle Income,Low Risk,Credit-Positive but Stretched
1,1,1,1,0,0.0,1,1,-0.537733740594502,-0.5769230769230769,-0.0667459849936682,0,1,-0.04481114504954183,1287.4831721371002,-0.7716142348489284,-0.0,Low Income,Low Risk,Credit-Positive but Stretched
1,1,0,1,0,0.0,1,0,0.6834537733740594,0.576923076923077,-0.1601587765605491,0,0,0.056954481114504955,1012.9368862027766,0.5208475005987293,0.0,High Income,Low Risk,Credit-Positive but Stretched
0,0,0,1,0,0.0,1,1,1.4874469194665871,1.6538461538461544,0.0845312260882151,0,1,0.12395390995554893,1334.2320642556513,0.9112568509150284,0.0,High Income,Low Risk,Credit-Positive but Stretched
1,1,0,1,0,0.0,1,1,0.8694032630559487,0.6410256410256413,-0.2831827657217307,0,0,0.07245027192132907,884.7679606255864,0.6256192692745844,0.0,High Income,Low Risk,Credit-Positive but Stretched
0,0,0,1,0,0.0,1,1,-0.3726439693064143,-1.1025641025641026,-1.5180495760571129,1,0,-0.031053664108867857,3550.626441256736,-0.4662410674576438,-0.0,Low Income,Low Risk,Credit-Positive but Stretched
0,0,0,1,0,0.0,0,1,1.6987260671980928,0.0897435897435898,-1.3209267729807372,1,0,0.14156050559984107,63.395475601448084,0.992779834701247,0.0,High Income,Low Risk,Credit-Challenged
1,1,2,1,0,0.0,1,1,-0.7329211055650748,-0.6282051282051282,0.3651390744442738,1,0,-0.06107675879708957,1028.56704620273,-1.3202111794539153,-0.0,Low Income,Low Risk,Credit-Positive but Stretched
1,1,0,0,0,0.0,1,1,0.267451389406243,0.8205128205128209,0.7380349132219395,0,0,0.022287615783853586,3681.3090075661867,0.2370081041945016,0.0,Upper-Middle Income,Low Risk,Credit-Positive but Stretched
0,0,0,1,0,0.0,1,1,-0.5138940624301572,-0.4743589743589744,0.1186454817915983,0,0,-0.0428245052025131,1107.7070223834376,-0.721328700296742,-0.0,Low Income,Low Risk,Credit-Positive but Stretched
1,1,3,1,0,0.0,1,1,2.1273560306935857,2.1666666666666665,-0.9605572966652466,0,0,0.17727966922446547,1222.167468198872,1.1401879289479904,0.0,High Income,Low Risk,Credit-Positive but Stretched
1,0,0,1,0,0.0,1,1,0.0263726439693064,-0.0256410256410255,-0.0981955438489719,0,0,0.0021977203307755335,-1166.1794945963586,0.026030881556962933,0.0,Upper-Middle Income,Low Risk,Prime Capacity
1,1,1,1,1,-180.0,0,0,2.1273560306935857,2.1666666666666665,-1.45337307193395,0,1,0.17727966922446547,1222.167468198872,1.1401879289479904,-382.92408552484545,High Income,Low Risk,Credit-Challenged
1,1,0,1,0,0.0,1,0,0.9632719958280564,0.6666666666666669,-0.345323074659367,0,0,0.0802726663190047,830.4923609909097,0.674612466993636,0.0,High Income,Low Risk,Credit-Positive but Stretched
1,0,0,1,1,120.0,1,1,2.1273560306935857,2.1666666666666665,0.9066619059771022,0,1,0.17727966922446547,1222.167468198872,1.1401879289479904,255.28272368323027,High Income,Low Risk,Credit-Positive but Stretched
1,0,0,1,0,0.0,1,1,-0.4390970721895254,-0.7179487179487181,-0.5999208241268859,0,1,-0.03659142268246045,1962.1219579211515,-0.5782074226375137,-0.0,Low Income,Low Risk,Credit-Positive but Stretched
1,0,0,1,0,0.0,1,1,-0.8041421440810549,-0.7692307692307692,0.1818213092250097,1,0,-0.0670118453400879,1147.919811079584,-1.6303661077577547,-0.0,Low Income,Low Risk,Credit-Positive but Stretched
1,1,0,1,1,-240.0,1,1,-0.5833271250838113,-0.7051282051282051,-1.8911046254174797,1,0,-0.04861059375698428,1450.59472961938,-0.8754538376660481,139.99851002011474,Low Income,Low Risk,Credit-Positive but Stretched
1,0,0,1,0,0.0,1,1,-0.1554049020338225,-0.358974358974359,-0.3682944309404965,1,0,-0.012950408502818542,2772.129390282385,-0.1688979404700374,-0.0,Lower-Middle Income,Low Risk,Credit-Positive but Stretched
1,1,3,1,0,0.0,1,0,1.887357520673471,2.0512820512820515,0.061722415346198,1,0,0.1572797933894559,1304.2164952733315,1.060341731140775,0.0,High Income,Low Risk,Credit-Positive but Stretched
0,1,0,1,0,0.0,1,0,-0.2483796468747671,-0.5897435897435896,-0.6490208890398441,0,0,-0.020698303906230592,2849.373968780817,-0.2855239320792567,-0.0,Lower-Middle Income,Low Risk,Credit-Positive but Stretched
1,1,2,1,1,0.0,1,1,0.4170453698875065,-0.5384615384615384,-1.255211340134845,0,1,0.03475378082395888,-1549.3164557387731,0.3485739784652049,0.0,Upper-Middle Income,Low Risk,Prime Capacity
1,0,0,1,0,0.0,0,0,2.1273560306935857,1.435897435897436,-0.8945263076373954,1,0,0.17727966922446547,809.9571386880099,1.1401879289479904,0.0,High Income,Low Risk,Credit-Challenged
1,1,2,0,0,0.0,1,0,0.0636221411010951,-0.0128205128205127,-0.1360835924712916,0,0,0.0053018450917579245,-241.76668559372575,0.06168019730158402,0.0,Upper-Middle Income,Low Risk,Prime Capacity
1,1,2,1,0,0.0,1,0,0.5091261267972882,0.7051282051282055,0.2053941192008546,0,0,0.04242717723310735,1661.933769282889,0.4115307593261702,0.0,Upper-Middle Income,Low Risk,Credit-Positive but Stretched
1,0,0,1,0,0.0,1,1,0.0001489979885271,0.4871794871794874,0.770270431570681,0,1,1.2416499043924999e-05,3631196.824033485,0.00014898688942928924,0.0,Upper-Middle Income,Low Risk,Credit-Positive but Stretched
1,0,0,1,1,-180.0,1,1,0.456976830812784,2.1666666666666665,0.1175553499502474,1,0,0.038081402567732,5689.416950028588,0.3763636251050129,-82.25582954630111,Upper-Middle Income,Low Risk,Credit-Positive but Stretched
1,1,0,1,0,0.0,1,1,-0.203978246293675,-0.1025641025641023,0.18491831006326,1,0,-0.016998187191139585,603.4180915390968,-0.22812876473438806,-0.0,Lower-Middle Income,Low Risk,Credit-Positive but Stretched
1,1,2,1,0,-180.0,1,1,1.8894434925128512,2.1666666666666665,-0.920147760905914,0,1,0.15745362437607094,1376.0578168169343,1.0610639204373358,-340.0998286523132,High Income,Low Risk,Credit-Positive but Stretched
0,1,0,1,0,0.0,1,1,0.4170453698875065,-0.3846153846153846,-1.0582245164027446,1,0,0.03475378082395888,-1106.6546112419808,0.3485739784652049,0.0,Upper-Middle Income,Low Risk,Prime Capacity
0,1,2,1,0,0.0,1,1,2.1273560306935857,-0.7692307692307692,-2.049222321959571,0,1,0.17727966922446547,-433.90561001143385,1.1401879289479904,0.0,High Income,Low Risk,Prime Capacity
1,1,1,1,0,0.0,1,1,-0.731133129702749,-1.2820512820512822,-1.5669243182668875,0,1,-0.060927760808562416,2104.2498649806894,-1.3135389278448475,-0.0,Low Income,Low Risk,Credit-Positive but Stretched
0,0,0,1,0,0.0,1,0,1.8623258586009088,1.2179487179487185,-0.5418081189680282,0,0,0.15519382155007574,784.7869573120586,1.0516345316065454,0.0,High Income,Low Risk,Credit-Positive but Stretched
1,1,0,1,0,0.0,1,1,0.0815018997243537,-0.0641025641025639,-0.2417735627386498,1,0,0.006791824977029476,-943.6804910965947,0.07835072297379213,0.0,Upper-Middle Income,Low Risk,Prime Capacity
1,0,0,1,0,0.0,0,0,0.2564255382552335,-0.1538461538461538,-0.5964127534957809,0,0,0.02136879485460279,-719.9234007294049,0.2282708150081145,0.0,Upper-Middle Income,Low Risk,Credit-Challenged
1,1,0,1,1,0.0,1,1,0.271325337107949,0.2820512820512822,-0.011768987327413,0,0,0.02261044475899575,1247.3828411122238,0.2400599288531713,0.0,Upper-Middle Income,Low Risk,Credit-Positive but Stretched
1,0,0,1,0,0.0,1,0,1.1173359159651344,1.461538461538462,0.2787040953445446,0,1,0.09311132633042786,1569.6508927850196,0.750158655032814,0.0,High Income,Low Risk,Credit-Positive but Stretched
1,1,2,0,0,0.0,1,0,-0.9343663860537884,-0.2179487179487177,1.9507776780404296,0,0,-0.07786386550448236,279.9135589688399,-2.7236673065514587,-0.0,Low Income,Low Risk,Credit-Positive but Stretched
1,0,0,1,0,0.0,1,1,-0.6444163003799449,-1.0256410256410258,-0.9805355928861922,0,1,-0.05370135836499541,1909.9332981539098,-1.0339946154817397,-0.0,Low Income,Low Risk,Credit-Positive but Stretched
1,1,3,1,0,-180.0,0,1,2.1273560306935857,2.1666666666666665,-1.0214116833969833,1,0,0.17727966922446547,1222.167468198872,1.1401879289479904,-382.92408552484545,High Income,Low Risk,Credit-Challenged
1,1,1,1,0,0.0,1,1,0.1738806526111897,0.3846153846153848,0.2839123759586324,0,0,0.014490054384265809,2654.1573471216493,0.1603150574744094,0.0,Upper-Middle Income,Low Risk,Credit-Positive but Stretched
1,1,1,1,0,0.0,1,1,1.2281904194293376,0.7307692307692311,-0.5061189285902411,0,1,0.10234920161911147,713.9890485890135,0.8011897849432051,0.0,High Income,Low Risk,Credit-Positive but Stretched
1,0,0,1,0,0.0,1,1,-0.1053415778886985,-0.1282051282051282,-0.0478710696419786,0,0,-0.008778464824058209,1460.616827010573,-0.11131328482695277,-0.0,Lower-Middle Income,Low Risk,Credit-Positive but Stretched
1,1,0,1,0,0.0,1,1,1.4278477240557252,1.602564102564103,0.0952393430421428,1,0,0.1189873103379771,1346.8248250707516,0.8870051546142245,0.0,High Income,Low Risk,Credit-Positive but Stretched
1,1,0,0,0,0.0,1,1,-0.7487148923489533,-0.4102564102564102,1.0760707390748054,1,0,-0.062392907695746104,657.5474695484934,-1.3811670974259858,-0.0,Low Income,Low Risk,Credit-Positive but Stretched
1,1,0,1,0,0.0,1,0,0.7499068762571706,1.8589743589743597,1.1788700583354137,0,1,0.06249223968809755,2974.6807306717683,0.5595625729521995,0.0,High Income,Low Risk,Credit-Positive but Stretched
1,1,1,1,0,0.0,0,0,-0.3121507859643895,-0.1153846153846154,0.398985023708701,1,0,-0.026012565497032458,443.5896616748389,-0.3741856307150082,-0.0,Lower-Middle Income,Low Risk,Credit-Challenged
1,1,2,1,0,0.0,1,1,0.0588542054682261,0.3589743589743592,0.44920071909426,0,0,0.004904517122352175,7317.7679339590695,0.05718738525137566,0.0,Upper-Middle Income,Low Risk,Credit-Positive but Stretched
1,1,0,1,0,-180.0,1,1,1.1641212843626612,0.2564102564102566,-1.7996806953293014,0,1,0.09701010703022177,264.3102055627274,0.7720144057920048,-209.54183118527902,High Income,Low Risk,Credit-Positive but Stretched
1,1,0,1,0,0.0,1,1,0.4340311405796022,0.6666666666666669,0.2630747067710596,0,0,0.03616926171496685,1843.1347605948,0.36048945782699937,0.0,Upper-Middle Income,Low Risk,Credit-Positive but Stretched
0,1,0,1,0,0.0,1,0,-0.2483796468747671,-0.2307692307692308,0.0345659415591789,0,0,-0.020698303906230592,1114.972422566407,-0.2855239320792567,-0.0,Lower-Middle Income,Low Risk,Credit-Positive but Stretched
1,1,0,1,0,0.0,1,1,0.1059375698428071,-0.0128205128205127,-0.1991544666826423,0,0,0.008828130820233924,-145.20696410038045,0.10069345471022406,0.0,Upper-Middle Income,Low Risk,Prime Capacity
1,0,0,1,0,120.0,0,0,-0.947478209044178,-1.060897435897436,0.4513033310224861,1,0,-0.07895651742034816,1343.6647248467336,-2.9465271296753697,-113.69738508530136,Low Income,Low Risk,Credit-Challenged
1,1,2,1,0,0.0,1,1,0.7698726067198093,0.8974358974358977,0.0974315161589106,1,0,0.0641560505599841,1398.8110263841281,0.570907570390886,0.0,High Income,Low Risk,Credit-Positive but Stretched
1,1,0,0,0,0.0,1,1,-0.5445876480667511,-0.4487179487179485,0.2618817589190441,0,0,-0.04538230400556259,988.772708388783,-0.7865520024589107,-0.0,Low Income,Low Risk,Credit-Positive but Stretched
1,1,3,1,0,-60.0,1,1,2.1273560306935857,2.1666666666666665,-1.1866936325247397,0,1,0.17727966922446547,1222.167468198872,1.1401879289479904,-127.64136184161514,High Income,Low Risk,Credit-Positive but Stretched
1,1,3,0,0,-180.0,1,0,-0.5645533785293898,0.4102564102564104,-0.1265361263603463,0,0,-0.04704611487744915,-872.0489073628872,-0.8313830585814672,101.61960813529016,Low Income,Low Risk,Prime Capacity
1,1,0,1,0,0.0,1,1,1.7630931982418236,0.7307692307692311,-0.8535665683840096,1,0,0.14692443318681864,497.3742223649212,1.0163507761874004,0.0,High Income,Low Risk,Credit-Positive but Stretched
1,1,0,0,1,0.0,1,0,-0.1002756462787752,-0.5512820512820513,-0.7835804199027665,1,0,-0.0083563038565646,6597.989262220783,-0.10566683621226079,-0.0,Lower-Middle Income,Low Risk,Credit-Positive but Stretched
1,1,0,1,0,0.0,1,1,0.0132608209789167,-0.1794871794871793,-0.3230980184379715,0,0,0.0011050684149097251,-16227.49344142773,0.013173665945117216,0.0,Upper-Middle Income,Low Risk,Prime Capacity
1,1,2,1,0,0.0,1,1,-0.5222379497876779,-0.3717948717948718,0.3844817479466918,0,0,-0.043519829148973156,854.331054087296,-0.7386424733387732,-0.0,Low Income,Low Risk,Credit-Positive but Stretched
1,1,3,1,0,0.0,0,0,2.1273560306935857,2.1666666666666665,0.593797077804697,1,0,0.17727966922446547,1222.167468198872,1.1401879289479904,0.0,High Income,Low Risk,Credit-Challenged
1,1,1,1,0,0.0,1,1,-0.4966102957610072,-0.1794871794871793,0.7613033770459198,1,0,-0.041384191313417265,433.7200051291982,-0.6863906489354614,-0.0,Low Income,Low Risk,Credit-Positive but Stretched
1,0,0,0,0,120.0,0,0,-0.4864784325411607,-0.6858974358974359,0.3162409816744404,0,1,-0.04053986937843006,1691.9500874446896,-0.6664632496019842,-58.37741190493928,Low Income,Low Risk,Credit-Challenged
1,1,1,1,0,0.0,0,0,2.1273560306935857,0.6410256410256413,-1.2243284241797758,0,1,0.17727966922446547,361.5880083428617,1.1401879289479904,0.0,High Income,Low Risk,Credit-Challenged
1,0,0,1,0,0.0,1,0,0.465618714147359,-0.8076923076923077,-1.6256259769181851,0,0,0.03880155951227992,-2081.543892579292,0.3822774837886296,0.0,Upper-Middle Income,Low Risk,Prime Capacity
1,1,0,1,0,-180.0,1,1,-0.2433137152648439,0.2051282051282052,-0.924159281004782,1,0,-0.02027614293873699,-1011.722609049006,-0.2788065305481349,43.7964687476719,Lower-Middle Income,Low Risk,Prime Capacity
1,1,1,1,0,0.0,1,0,2.1273560306935857,1.6666666666666667,-1.8402702383457317,1,0,0.17727966922446547,940.1288216914401,1.1401879289479904,0.0,High Income,Low Risk,Credit-Positive but Stretched
0,1,0,1,0,0.0,1,1,-0.533859792892796,-0.282051282051282,0.6337247474450066,1,0,-0.04448831607439966,634.0038171320233,-0.7632688164892726,-0.0,Low Income,Low Risk,Credit-Positive but Stretched
1,1,0,1,1,0.0,1,1,2.1273560306935857,-0.1282051282051282,-2.049222321959571,1,0,0.17727966922446547,-72.31760166857231,1.1401879289479904,0.0,High Income,Low Risk,Prime Capacity
1,1,1,1,1,-60.0,0,0,-0.9650599716903822,-0.6512820512820513,0.6907797064307525,0,0,-0.08042166430753185,809.8441574562511,-3.354122164041356,57.90359830142293,Low Income,Low Risk,Credit-Challenged
1,1,0,1,0,0.0,1,1,-0.2668553974521344,-0.9230769230769232,-1.2643613584900188,0,0,-0.022237949787677864,4151.095055259902,-0.31041232158865056,-0.0,Lower-Middle Income,Low Risk,Credit-Positive but Stretched
1,1,0,1,1,0.0,1,1,0.1649407732995604,0.4871794871794874,0.4488401715603963,0,0,0.013745064441630032,3544.137954890286,0.15267024735587412,0.0,Upper-Middle Income,Low Risk,Credit-Positive but Stretched
1,1,0,1,0,-180.0,1,1,1.1656112642479326,2.1666666666666665,-0.4447383935504003,0,0,0.09713427202066105,2230.5663242553214,0.7727026607487992,-209.81002756462786,High Income,Low Risk,Credit-Positive but Stretched
1,0,0,0,0,0.0,1,1,-0.1583848618043656,-1.051282051282051,-1.6003650528467437,0,0,-0.013198738483697132,7965.622690438032,-0.17243244976070726,-0.0,Lower-Middle Income,Low Risk,Credit-Positive but Stretched
1,0,0,1,0,0.0,1,0,1.9618565149370484,0.435897435897436,-1.1706383304791967,1,0,0.1634880429114207,266.62180421082275,1.0858162727198772,0.0,High Income,Low Risk,Credit-Positive but Stretched
1,1,0,0,0,0.0,1,0,0.1837145198539819,0.3846153846153848,0.2675918233356829,0,1,0.015309543321165159,2512.094943643809,0.16865739240073083,0.0,Upper-Middle Income,Low Risk,Credit-Positive but Stretched
1,0,0,1,0,0.0,1,1,-0.4644267302391417,-0.6923076923076923,-0.4956530223954142,1,0,-0.038702227519928474,1788.852025303852,-0.6244175735037645,-0.0,Low Income,Low Risk,Credit-Positive but Stretched
1,0,0,1,0,0.0,1,1,-0.3651940698800566,-0.1282051282051282,0.5038983866600935,0,0,-0.030432839156671384,421.28616527280303,-0.45443594865968007,-0.0,Lower-Middle Income,Low Risk,Credit-Positive but Stretched
1,1,1,1,0,0.0,1,0,0.0868658273113313,0.5128205128205131,0.6325675504124917,1,0,0.007238818942610942,7083.333393909038,0.0832981665842594,0.0,Upper-Middle Income,Low Risk,Credit-Positive but Stretched
1,0,0,1,0,0.0,1,1,1.986590181032556,0.7307692307692311,-0.9681623731791498,0,0,0.165549181752713,441.41856144912106,1.0941323289615343,0.0,High Income,Low Risk,Credit-Positive but Stretched
0,0,0,0,0,0.0,1,1,-0.3410563957386575,-0.1282051282051282,0.4431544584842371,0,1,-0.02842136631155479,451.1030111283407,-0.4171173258937504,-0.0,Lower-Middle Income,Low Risk,Credit-Positive but Stretched
0,1,0,1,0,0.0,1,1,0.2430157192877896,-0.2179487179487177,-0.6709941063790951,1,0,0.020251309940649134,-1076.1672055554761,0.21754045869783828,0.0,Upper-Middle Income,Low Risk,Prime Capacity
1,0,0,1,1,0.0,1,0,1.663860537882739,-0.6025641025641026,-1.8555316701072653,0,1,0.13865504482356159,-434.574708467171,0.9797764006631824,0.0,High Income,Low Risk,Prime Capacity
1,1,1,0,0,0.0,1,1,-0.094315726737689,-0.5128205128205128,-0.7252781594280966,1,0,-0.007859643894807417,6525.559876295678,-0.09906451793184208,-0.0,Lower-Middle Income,Low Risk,Credit-Positive but Stretched
1,0,2,1,0,0.0,0,1,-0.1470610146763018,0.4615384615384616,1.07301846398378,1,0,-0.012255084556358485,-3766.405066129361,-0.15906726356382367,-0.0,Lower-Middle Income,Low Risk,Credit-Challenged
1,1,3,0,0,-180.0,1,0,-0.4244952693138643,1.6153846153846156,0.887826342764945,0,1,-0.03537460577615536,-4566.638260195443,-0.5525078307216899,76.40914847649557,Low Income,Low Risk,Prime Capacity
1,1,1,0,0,0.0,1,1,-0.2483796468747671,0.0641025641025642,0.5960836952655199,0,1,-0.020698303906230592,-309.7145618240023,-0.2855239320792567,-0.0,Lower-Middle Income,Low Risk,Prime Capacity
1,1,2,0,0,0.0,1,1,-0.4468449675929375,-0.0769230769230767,0.842259969456497,1,0,-0.03723708063274479,206.58209891035585,-0.5921169688167357,-0.0,Low Income,Low Risk,Credit-Positive but Stretched
0,0,0,0,0,0.0,1,1,-0.3005289428592714,-0.1282051282051282,0.3461854761458353,1,0,-0.02504407857160595,511.93836987153895,-0.35743086222908865,-0.0,Lower-Middle Income,Low Risk,Credit-Positive but Stretched
0,0,0,1,0,0.0,1,1,-0.647396260150488,-0.641025641025641,0.0594915138568712,0,1,-0.053949688345874,1188.2135797554874,-1.0424104025813883,-0.0,Low Income,Low Risk,Credit-Positive but Stretched
1,0,0,0,0,0.0,1,1,0.3246666170006705,-0.9615384615384616,-1.7539055164977175,0,0,0.027055551416722542,-3553.810116924857,0.28116081796831177,0.0,Upper-Middle Income,Low Risk,Prime Capacity
1,0,0,1,0,0.0,1,1,-0.8753631825970349,-0.9102564102564104,-0.0368437298041806,0,1,-0.07294693188308625,1247.850821503411,-2.082351231500812,-0.0,Low Income,Low Risk,Credit-Positive but Stretched
1,0,0,1,0,0.0,1,0,-0.595544960143038,-0.0384615384615383,1.4575742413804027,1,0,-0.0496287466785865,77.50007009311543,-0.905214698582185,-0.0,Low Income,Low Risk,Credit-Positive but Stretched
0,0,0,1,0,0.0,1,0,1.3658645608284288,1.076923076923077,-0.3053671410084883,1,0,0.1138220467357024,946.1379815492878,0.8611435199736696,0.0,High Income,Low Risk,Credit-Positive but Stretched
1,1,3,1,0,0.0,0,0,-0.2194740371004991,-0.0256410256410255,0.3604173440815948,1,0,-0.018289503091708258,140.20297622198927,-0.2477872751346711,-0.0,Lower-Middle Income,Low Risk,Credit-Challenged
1,1,1,1,1,0.0,1,1,0.7063994636072413,1.4102564102564104,0.7486896363917899,0,1,0.058866621967270105,2395.640189169695,0.5343855738332064,0.0,High Income,Low Risk,Credit-Positive but Stretched
1,1,3,0,1,0.0,1,1,0.0853758474260597,0.0,-0.1492804051437195,0,0,0.007114653952171642,0.0,0.08192633016635974,0.0,Upper-Middle Income,Low Risk,Prime Capacity
1,1,0,1,0,0.0,1,1,0.2316918721597258,0.0897435897435898,-0.2250111716769014,0,1,0.019307656013310484,464.784238124729,0.2083887300637089,0.0,Upper-Middle Income,Low Risk,Credit-Positive but Stretched
1,1,3,0,0,0.0,1,1,-0.1738806526111897,-0.3846153846153846,-0.3846869078422321,1,0,-0.014490054384265809,2654.523714349864,-0.19101602753442018,-0.0,Lower-Middle Income,Low Risk,Credit-Positive but Stretched
1,1,0,1,0,0.0,1,0,-1.0330030544587647,0.0641025641025642,1.9507776780404296,0,0,-0.08608358787156373,-74.4663534026254,,-0.0,Low Income,Low Risk,Prime Capacity
1,1,0,1,0,0.0,1,1,0.0254786560381434,0.012820512820513,-0.0357690979837476,1,0,0.00212322133651195,603.5394052469483,0.025159485089071516,0.0,Upper-Middle Income,Low Risk,Credit-Positive but Stretched
1,1,2,1,0,0.0,0,0,-0.12411532444312,-0.7435897435897436,-1.0885867521673191,1,0,-0.010342943703593333,7190.038593338904,-0.1325208456198949,-0.0,Lower-Middle Income,Low Risk,Credit-Challenged
0,1,2,1,0,0.0,1,1,0.37234597332936,-0.0384615384615383,-0.5680919843864508,1,0,0.03102883111078,-123.950202385009,0.31652166466458104,0.0,Upper-Middle Income,Low Risk,Prime Capacity
1,1,0,1,0,0.0,0,0,-0.9522461446770468,-0.8974358974358975,0.3228710067317393,0,1,-0.0793538453897539,1130.9435635584343,-3.041695475566965,-0.0,Low Income,Low Risk,Credit-Challenged
1,1,2,1,0,0.0,1,1,0.0922297548983088,-0.1794871794871793,-0.4330912232992566,1,0,0.0076858129081924,-2335.001275962976,0.08822125345062835,0.0,Upper-Middle Income,Low Risk,Prime Capacity
1,0,0,1,0,0.0,1,1,0.102957610072264,0.1794871794871796,0.0964605988048683,1,0,0.008579800839355334,2091.7299311268516,0.09799530804805553,0.0,Upper-Middle Income,Low Risk,Credit-Positive but Stretched
1,1,0,1,0,0.0,1,1,0.9450942412277434,0.576923076923077,-0.4197988145850777,1,0,0.07875785343564529,732.5183795298482,0.6653104289699873,0.0,High Income,Low Risk,Credit-Positive but Stretched
1,1,0,1,0,0.0,1,1,0.2483796468747671,-0.0256410256410255,-0.4083045756179345,1,0,0.020698303906230592,-123.87385468217327,0.22184642791308795,0.0,Upper-Middle Income,Low Risk,Prime Capacity
1,1,0,1,0,0.0,1,0,-0.6456082842881621,0.5128205128205131,1.9507776780404296,0,0,-0.05380069035734684,-953.2034653253033,-1.0373524360553545,-0.0,Low Income,Low Risk,Prime Capacity
1,1,0,0,1,0.0,1,0,-0.2030842583625121,0.1025641025641026,0.5611721970758531,0,1,-0.016923688196876008,-606.0745277043889,-0.22700632518150524,-0.0,Lower-Middle Income,Low Risk,Prime Capacity
1,1,2,1,0,0.0,1,1,0.7534828279818222,1.0256410256410262,0.2576243252379666,1,0,0.06279023566515185,1633.414305000277,0.5616039975543198,0.0,High Income,Low Risk,Credit-Positive but Stretched
1,1,0,1,0,120.0,1,1,-0.1962303508902629,-0.1474358974358972,1.015726292347956,1,0,-0.01635252924085524,901.6642741127852,-0.21844255693629588,-23.547642106831546,Lower-Middle Income,Low Risk,Credit-Positive but Stretched
1,0,0,1,1,0.0,1,1,0.2930790434329136,0.8974358974358977,0.7967347404078668,0,0,0.024423253619409464,3674.363652704308,0.25702622973324546,0.0,Upper-Middle Income,Low Risk,Credit-Positive but Stretched
1,1,1,1,0,0.0,1,1,-0.2597034940028309,-0.3333333333333331,-0.1395161109793494,1,0,-0.02164195783356924,1540.2891863513994,-0.30070448925627263,-0.0,Lower-Middle Income,Low Risk,Credit-Positive but Stretched
1,1,0,1,0,-180.0,1,1,-0.5067421589808537,-0.5897435897435896,-1.4351641399991897,0,0,-0.04222851324840448,1396.5861221199723,-0.70672323756279,91.21358861655366,Low Income,Low Risk,Credit-Positive but Stretched
1,0,0,0,0,0.0,1,1,0.1104075094986217,-0.1282051282051282,-0.3796462666879668,0,0,0.009200625791551809,-1393.2877853263258,0.10472707362453566,0.0,Upper-Middle Income,Low Risk,Prime Capacity
0,0,0,1,0,0.0,1,1,0.8691052670788945,1.923076923076924,1.059823136906184,1,0,0.0724254389232412,2655.2139683617943,0.6254598495619994,0.0,High Income,Low Risk,Credit-Positive but Stretched
1,1,1,1,0,0.0,1,1,-0.1437830589287044,0.1282051282051284,0.4750042339131099,1,0,-0.011981921577392035,-1070.0773507027297,-0.15523149911887735,-0.0,Lower-Middle Income,Low Risk,Prime Capacity
1,1,1,1,0,0.0,1,1,0.4003575951724651,0.5128205128205131,0.1139830717624361,0,0,0.03336313293103876,1537.0413308221612,0.33672762912895926,0.0,Upper-Middle Income,Low Risk,Credit-Positive but Stretched
1,1,0,1,0,0.0,1,0,0.098189674439395,1.602564102564103,1.9507776780404296,0,1,0.008182472869949583,19582.93414094225,0.09366307355964203,0.0,Upper-Middle Income,Low Risk,Credit-Positive but Stretched
0,0,0,1,1,0.0,1,1,-0.5821351411755942,-0.1025641025641023,1.2420028921459407,0,1,-0.04851126176463285,211.42764197343132,-0.8725972029792993,-0.0,Low Income,Low Risk,Credit-Positive but Stretched
0,0,1,1,0,0.0,1,1,-0.47813454518364,-0.2307692307692308,0.5876041854121138,0,0,-0.039844545431970003,579.1884940642462,-0.6503454737165287,-0.0,Low Income,Low Risk,Credit-Positive but Stretched
1,1,1,1,0,0.0,1,1,-0.626238545779632,-0.4358974358974358,0.5404290337826838,1,0,-0.052186545481636,835.2838547042252,-0.9841375080033832,-0.0,Low Income,Low Risk,Credit-Positive but Stretched
1,1,2,1,0,0.0,1,1,1.6099232660359084,-0.1282051282051282,-1.4587589290779754,0,0,0.13416027216965903,-95.56045953634164,0.959320820916172,0.0,High Income,Low Risk,Prime Capacity
1,1,1,0,0,-180.0,1,0,-0.275199284809655,1.923076923076924,0.7866179566161503,0,1,-0.022933273734137918,-8385.897296412231,-0.32185853751220833,49.5358712657379,Lower-Middle Income,Low Risk,Prime Capacity
1,0,0,1,0,-300.0,1,1,0.9683379274379796,2.1666666666666665,-0.6985443670619186,0,1,0.08069482728649831,2684.979805677244,0.6771894949859331,-290.5013782313939,High Income,Low Risk,Credit-Positive but Stretched
1,1,2,1,1,0.0,1,1,0.6357744170453699,-0.282051282051282,-1.0992569152710912,0,0,0.05298120142044749,-532.3510056009669,0.4921163417817007,0.0,High Income,Low Risk,Prime Capacity
1,1,0,0,0,0.0,1,1,0.7171273187811964,-0.0897435897435895,-0.940572962938479,1,0,0.059760609898433036,-150.16929747393334,0.5406527310481085,0.0,High Income,Low Risk,Prime Capacity
1,0,0,1,1,-180.0,1,0,1.4799970200402297,1.4102564102564104,-1.406646265207524,0,1,0.12333308500335248,1143.4441745913764,0.9082573585794873,-266.39946360724133,High Income,Low Risk,Credit-Positive but Stretched
1,1,2,1,0,0.0,1,1,1.2773597556432987,-0.2307692307692308,-1.4082721797092943,0,1,0.10644664630360823,-216.7912948596671,0.8230167700532381,0.0,High Income,Low Risk,Prime Capacity
1,1,1,0,0,-180.0,1,1,0.3550622066602101,1.8461538461538465,-0.380058820979602,0,1,0.029588517221684176,6239.21584229473,0.3038473622522043,-63.91119719883782,Upper-Middle Income,Low Risk,Credit-Positive but Stretched
1,1,1,1,0,120.0,1,1,-0.2060642181330552,-0.4839743589743589,0.2128720484158811,1,0,-0.0171720181777546,2818.553646407279,-0.2307527002666799,-24.727706175966624,Lower-Middle Income,Low Risk,Credit-Positive but Stretched
1,1,0,1,0,0.0,1,1,-0.5183640020859719,-0.5128205128205128,0.0388551242446658,0,1,-0.04319700017383099,1187.1944410519513,-0.7305666412816784,-0.0,Low Income,Low Risk,Credit-Positive but Stretched
1,1,0,0,0,0.0,0,0,0.0421664307531848,0.9102564102564108,1.346564731406057,1,0,0.0035138692294320664,25897.30515816346,0.04130165298879442,0.0,Upper-Middle Income,Low Risk,Credit-Challenged
0,0,2,1,0,0.0,1,0,-0.5928629963495493,0.1025641025641026,1.8057964398275013,0,1,-0.04940524969579577,-207.60178161926555,-0.8986055318769972,-0.0,Low Income,Low Risk,Prime Capacity
1,0,0,0,1,0.0,1,1,-0.1986143187066974,-0.3333333333333331,-0.2500117699942549,0,0,-0.016551193225558116,2014.0751759838877,-0.22141294805563058,-0.0,Lower-Middle Income,Low Risk,Credit-Positive but Stretched
1,1,1,0,0,-180.0,1,1,1.294941518289503,2.1666666666666665,0.4980157847514289,1,0,0.10791179319079192,2007.7940739018381,0.8307073609610349,-233.08947329211054,High Income,Low Risk,Credit-Positive but Stretched
1,0,0,1,1,0.0,0,0,2.1273560306935857,0.7948717948717953,-1.377775531672118,0,1,0.17727966922446547,448.36913034514856,1.1401879289479904,0.0,High Income,Low Risk,Credit-Challenged
0,0,3,1,0,0.0,1,1,-0.6953736124562319,1.602564102564103,1.9507776780404296,0,0,-0.057947801038019324,-2765.5782094211704,-1.1886692121229938,-0.0,Low Income,Low Risk,Prime Capacity
1,0,0,0,0,0.0,0,0,0.1872904715786336,-0.1923076923076921,-0.5712157354802899,0,0,0.015607539298219467,-1232.0671949721104,0.17167379637199748,0.0,Upper-Middle Income,Low Risk,Credit-Challenged
1,1,3,1,0,0.0,1,0,-0.0496163301795425,-0.4615384615384616,-0.6964441441313329,0,1,-0.004134694181628542,11165.27835052932,-0.050889512949345975,-0.0,Lower-Middle Income,Low Risk,Credit-Positive but Stretched
1,1,0,1,0,0.0,1,0,2.1273560306935857,2.1666666666666665,-0.6730812183231067,0,0,0.17727966922446547,1222.167468198872,1.1401879289479904,0.0,High Income,Low Risk,Credit-Positive but Stretched
1,1,3,0,0,0.0,1,0,-0.1446770468598674,-0.0256410256410255,0.2046457196738589,1,0,-0.012056420571655617,212.6929167557372,-0.15627615839382414,-0.0,Lower-Middle Income,Low Risk,Credit-Positive but Stretched
1,1,1,1,0,0.0,1,1,1.465097221187514,2.1666666666666665,0.8735477820726848,0,1,0.12209143509895949,1774.6117234131007,0.9022312473609135,0.0,High Income,Low Risk,Credit-Positive but Stretched
1,0,0,1,0,0.0,1,1,-0.3419503836698204,0.0512820512820514,0.8122966533391506,1,0,-0.028495865305818366,-179.96944618502943,-0.4184749457425038,-0.0,Lower-Middle Income,Low Risk,Prime Capacity
0,0,1,1,0,-324.0,1,0,-0.5767712135886166,2.1666666666666665,1.9507776780404296,1,0,-0.04806426779905138,-4507.947057876555,-0.8598423799305094,186.8738732027118,Low Income,Low Risk,Prime Capacity
0,0,0,1,0,0.0,1,1,0.5314758250763615,-0.1282051282051282,-0.8349727828396976,0,0,0.04428965208969679,-289.4631759891207,0.42623186203803687,0.0,Upper-Middle Income,Low Risk,Prime Capacity
1,0,0,1,1,0.0,1,1,-0.0746479922521046,-0.0256410256410255,0.0725240842460559,1,0,-0.006220666021008716,412.257274818544,-0.07758106494344236,-0.0,Lower-Middle Income,Low Risk,Credit-Positive but Stretched
1,0,0,1,0,0.0,1,1,0.6333904492289354,0.2692307692307694,-0.4596374007447925,0,0,0.05278253743574462,510.0657938254217,0.4906578847527477,0.0,High Income,Low Risk,Credit-Positive but Stretched
1,1,2,1,0,0.0,1,1,0.2021902704313491,0.2564102564102566,0.0538326276905589,1,0,0.016849189202612424,1521.7055032859998,0.18414511845371612,0.0,Upper-Middle Income,Low Risk,Credit-Positive but Stretched
1,1,3,1,0,0.0,0,1,0.2167920733070103,0.3846153846153848,0.2139820535337368,0,1,0.018066006108917527,2128.827445436829,0.19621794756550312,0.0,Upper-Middle Income,Low Risk,Credit-Challenged
0,0,0,1,0,0.0,1,0,-0.595544960143038,0.0641025641025642,1.719454910496455,0,0,-0.0496287466785865,-129.16678348852645,-0.905214698582185,-0.0,Low Income,Low Risk,Prime Capacity
0,0,1,1,0,0.0,1,1,-0.2921850555017507,-0.5128205128205128,-0.4297258287212762,0,1,-0.024348754625145894,2106.2332881032144,-0.3455725972808866,-0.0,Lower-Middle Income,Low Risk,Credit-Positive but Stretched
0,0,0,1,0,0.0,1,1,-0.6494822319898681,-1.2820512820512822,-1.6628164514594073,0,1,-0.05412351933248901,2368.7945385086396,-1.048343880468156,-0.0,Low Income,Low Risk,Credit-Positive but Stretched
1,1,0,1,0,0.0,1,1,1.7073679505326678,0.076923076923077,-1.33455276432361,0,1,0.14228066254438898,54.06394298989764,0.9959769269705423,0.0,High Income,Low Risk,Credit-Positive but Stretched
1,0,0,1,0,0.0,1,1,-0.216494077329956,-0.0512820512820511,0.3061787472780022,0,0,-0.018041173110829666,284.2658491523347,-0.2439766579676076,-0.0,Lower-Middle Income,Low Risk,Credit-Positive but Stretched
1,1,0,1,0,0.0,1,1,-0.1709006928406466,0.2564102564102566,0.765689893574597,1,0,-0.014241724403387217,-1800.5422276781674,-0.1874153395142109,-0.0,Lower-Middle Income,Low Risk,Prime Capacity
1,1,2,1,0,0.0,1,1,-0.4519108992028607,-0.5128205128205128,-0.117738706686922,1,0,-0.03765924160023839,1361.774982125736,-0.6013174125553715,-0.0,Low Income,Low Risk,Credit-Positive but Stretched
1,1,1,1,0,0.0,1,1,-0.2456976830812784,-0.1923076923076921,0.1023047093592517,1,0,-0.020474806923439868,939.2864406058484,-0.2819620405128962,-0.0,Lower-Middle Income,Low Risk,Credit-Positive but Stretched
1,1,0,1,0,0.0,1,1,0.5514415555390002,0.9871794871794874,0.4873553725861532,1,0,0.04595346296158335,2148.168912352957,0.43918453454740736,0.0,Upper-Middle Income,Low Risk,Credit-Positive but Stretched
1,1,0,1,0,0.0,1,1,-0.3020189227445429,-0.641025641025641,-0.666830831123846,0,1,-0.02516824356204524,2547.0633660985136,-0.35956328653644776,-0.0,Lower-Middle Income,Low Risk,Credit-Positive but Stretched
1,1,0,1,0,0.0,1,1,2.1273560306935857,2.1666666666666665,0.6454420247454203,1,0,0.17727966922446547,1222.167468198872,1.1401879289479904,0.0,High Income,Low Risk,Credit-Positive but Stretched
0,1,0,0,0,0.0,1,1,-0.3923117037919988,-0.0769230769230767,0.6841639774799859,0,0,-0.03269264198266657,235.2989090112454,-0.4980931991870557,-0.0,Low Income,Low Risk,Credit-Positive but Stretched
1,0,1,0,1,0.0,0,0,0.3166207256202041,0.3589743589743592,0.028785606200223,0,1,0.026385060468350343,1360.4697048464025,0.2750683977021609,0.0,Upper-Middle Income,Low Risk,Credit-Challenged
1,1,0,1,0,0.0,1,1,-0.2054682261789465,-0.2307692307692308,-0.0487312901787175,1,0,-0.017122352181578874,1347.8446580727366,-0.23000230158218507,-0.0,Lower-Middle Income,Low Risk,Credit-Positive but Stretched
1,1,2,1,0,-180.0,1,1,-0.6346420359681144,0.3333333333333334,-0.0445226881811001,0,1,-0.0528868363306762,-630.2884788454879,-1.0068776826195909,114.2355664742606,Low Income,Low Risk,Prime Capacity
0,0,0,1,0,0.0,1,1,-0.5779631974968338,-0.9743589743589745,-0.9620822558697064,0,1,-0.04816359979140281,2023.0614181523083,-0.8626627590255294,-0.0,Low Income,Low Risk,Credit-Positive but Stretched
1,1,0,1,0,0.0,1,0,2.1273560306935857,-0.0256410256410255,-2.00680562080311,0,0,0.17727966922446547,-14.463520333714383,1.1401879289479904,0.0,High Income,Low Risk,Prime Capacity
1,0,0,1,0,0.0,1,1,0.2367578037696491,-0.5256410256410255,-1.096484341180637,0,0,0.01972981698080409,-2664.061129107914,0.21249328100643994,0.0,Upper-Middle Income,Low Risk,Prime Capacity
0,0,0,1,1,-60.0,1,0,-0.3276465767712136,-0.1435897435897435,-0.1338876879706954,1,0,-0.027303881397601135,525.9142487516334,-0.3969711492865544,19.658794606272817,Lower-Middle Income,Low Risk,Credit-Positive but Stretched
1,1,0,1,0,0.0,1,1,0.085673843403114,-0.1282051282051282,-0.3458855348376228,0,0,0.0071394869502595,-1795.467579427044,0.0822008480460605,0.0,Upper-Middle Income,Low Risk,Prime Capacity
0,0,0,1,0,0.0,1,1,-0.3851598003426953,-0.1923076923076921,0.420291200681222,1,0,-0.032096650028557945,599.1705796161826,-0.4863928828949518,-0.0,Low Income,Low Risk,Credit-Positive but Stretched
1,0,0,1,0,0.0,1,1,1.2192505401177085,0.7307692307692311,-0.4991974021317428,0,0,0.10160421167647571,719.2241605638261,0.7971695443447496,0.0,High Income,Low Risk,Credit-Positive but Stretched
1,1,0,1,0,0.0,1,1,0.022200700290546,0.1153846153846154,0.1325813413078292,0,0,0.0018500583575455,6233.44017838612,0.02195785243353903,0.0,Upper-Middle Income,Low Risk,Credit-Positive but Stretched
1,1,2,1,0,0.0,0,0,-0.3029129106757058,-0.0384615384615383,0.5297280547855381,1,0,-0.025242742556308817,152.3727546770553,-0.360844927211723,-0.0,Lower-Middle Income,Low Risk,Credit-Challenged
1,1,2,1,0,0.0,1,1,-0.2096401698577069,0.0512820512820514,0.4814325228120614,0,1,-0.017470014154808908,-293.5600763019267,-0.23526695602836453,-0.0,Lower-Middle Income,Low Risk,Prime Capacity
0,0,0,1,0,120.0,0,0,0.0001489979885271,-0.2916666666666665,0.2538936737719317,0,1,1.2416499043924999e-05,-2173940.2038621497,0.00014898688942928924,0.017879758623251998,Upper-Middle Income,Low Risk,Credit-Challenged
1,1,0,1,0,0.0,1,1,0.08954779110482,0.5384615384615387,0.6664639805993766,1,0,0.0074623159254016665,7214.776164423984,0.08576273961242108,0.0,Upper-Middle Income,Low Risk,Credit-Positive but Stretched
1,1,3,1,0,0.0,1,1,0.0743499962750502,-0.2564102564102564,-0.5275722832757372,0,1,0.0061958330229208505,-4137.762877615807,0.07171582407443422,0.0,Upper-Middle Income,Low Risk,Prime Capacity
1,1,1,1,0,0.0,1,1,0.4346271325337107,0.8974358974358977,0.5551572629400455,1,0,0.03621892771114256,2477.7407193991,0.3609049774922517,0.0,Upper-Middle Income,Low Risk,Credit-Positive but Stretched
0,1,1,1,0,0.0,1,1,-0.2236459807792594,0.0641025641025642,0.5374560053134191,0,1,-0.018637165064938285,-343.9686431151305,-0.2531466524952085,-0.0,Lower-Middle Income,Low Risk,Prime Capacity
0,0,0,1,0,120.0,1,0,0.6330924532518811,-0.2147435897435897,-0.4593403388193061,0,0,0.05275770443765676,-407.0296873899646,0.4904754279716914,75.97109439022573,High Income,Low Risk,Prime Capacity
1,1,1,1,0,0.0,1,0,-0.1422930790434329,-0.2179487179487177,-0.1398700031448453,0,1,-0.011857756586952742,1838.1816000891,-0.15349282181397164,-0.0,Lower-Middle Income,Low Risk,Credit-Positive but Stretched
1,1,0,0,0,0.0,0,0,-0.2033822543395664,-0.4743589743589744,-0.5017180143763167,0,1,-0.016948521194963866,2798.98734984285,-0.22738033173097943,-0.0,Lower-Middle Income,Low Risk,Credit-Challenged
1,1,0,0,0,0.0,1,1,-0.2358638158384861,-0.3205128205128204,-0.1596096689704355,1,0,-0.019655317986540508,1630.7501523701362,-0.269009254180225,-0.0,Lower-Middle Income,Low Risk,Credit-Positive but Stretched
0,0,0,1,0,0.0,1,1,-0.12411532444312,0.0256410256410258,0.2540754383906767,0,0,-0.010342943703593333,-247.93236528754997,-0.1325208456198949,-0.0,Lower-Middle Income,Low Risk,Prime Capacity
1,1,1,1,0,0.0,1,1,-0.5925650003724949,-0.4358974358974358,0.4336192972447566,0,1,-0.04938041669770791,882.7512859577162,-0.8978738691408633,-0.0,Low Income,Low Risk,Credit-Positive but Stretched
1,0,0,1,0,0.0,1,1,0.3228786411383446,0.1282051282051284,-0.289874884963588,0,0,0.02690655342819538,476.4651998081223,0.2798101508711986,0.0,Upper-Middle Income,Low Risk,Credit-Positive but Stretched
1,0,0,0,0,0.0,1,0,-1.0181032556060494,-0.0256410256410255,1.9507776780404296,0,1,-0.08484193796717078,30.222468368922677,,-0.0,Low Income,Low Risk,Prime Capacity
0,0,0,1,0,0.0,1,1,0.0034269537361245,0.0641025641025642,0.083002267611401,0,0,0.000285579478010375,22368.162768529957,0.003421095111178702,0.0,Upper-Middle Income,Low Risk,Credit-Positive but Stretched
0,0,0,1,0,0.0,0,0,-0.3437383595321463,-0.3333333333333331,0.0298469680963795,0,1,-0.028644863294345527,1163.7163950546262,-0.4211957273778404,-0.0,Lower-Middle Income,Low Risk,Credit-Challenged
1,0,0,1,0,0.0,1,0,2.1273560306935857,2.1666666666666665,-0.0453807668735949,0,0,0.17727966922446547,1222.167468198872,1.1401879289479904,0.0,High Income,Low Risk,Credit-Positive but Stretched
1,1,2,0,0,0.0,1,1,0.6706399463607241,0.7051282051282055,1.977186546005172e-05,0,0,0.055886662196727006,1261.688496910326,0.5132067544393608,0.0,High Income,Low Risk,Credit-Positive but Stretched
0,0,0,1,0,0.0,1,1,-0.7448409446472473,-0.5897435897435896,0.5222396455278342,1,0,-0.06207007872060394,950.1407172454506,-1.3658681817913105,-0.0,Low Income,Low Risk,Credit-Positive but Stretched
1,0,0,0,0,0.0,1,1,-0.0251806600610891,-0.2435897435897436,-0.3705193285748245,1,0,-0.0020983883384240918,11613.95527605388,-0.02550311752338978,-0.0,Lower-Middle Income,Low Risk,Credit-Positive but Stretched
0,0,0,1,0,0.0,1,1,-0.8670192952395143,-0.9487179487179488,-0.2004766782957705,0,0,-0.07225160793662619,1313.0933784669412,-2.0175512382738967,-0.0,Low Income,Low Risk,Credit-Positive but Stretched
1,1,2,1,1,-276.0,1,1,0.098189674439395,2.1666666666666665,0.1042468625838915,0,0,0.008182472869949583,26476.12695855391,0.09366307355964203,-27.10035014527302,Upper-Middle Income,Low Risk,Credit-Positive but Stretched
1,1,0,1,0,0.0,1,0,-0.3279445727482679,0.3717948717948721,1.422154213438675,0,0,-0.02732871439568899,-1360.5048208990488,-0.39741446083099735,-0.0,Lower-Middle Income,Low Risk,Prime Capacity
1,1,1,0,0,-180.0,1,1,-0.1124934813380019,1.1794871794871795,-0.2350809913426769,0,1,-0.009374456778166824,-12583.267917066694,-0.11933941268827489,20.248826640840342,Lower-Middle Income,Low Risk,Prime Capacity
1,1,2,1,0,0.0,1,1,-0.5064441630037995,-0.1282051282051282,0.9124386637097526,1,0,-0.04220368025031662,303.78432707284355,-0.7061192816332131,-0.0,Low Income,Low Risk,Credit-Positive but Stretched
1,1,0,1,0,0.0,1,1,-0.3648960739030023,-0.5384615384615384,-0.3509766581686643,0,1,-0.030408006158583526,1770.8469411729222,-0.4539666303359186,-0.0,Lower-Middle Income,Low Risk,Credit-Positive but Stretched
0,0,1,1,0,0.0,1,1,-0.558891454965358,-0.2307692307692308,0.839194552103299,1,0,-0.04657428791377983,495.4969707022815,-0.81846429995586,-0.0,Low Income,Low Risk,Credit-Positive but Stretched
1,1,1,1,1,0.0,1,0,1.3658645608284288,0.3205128205128206,-0.9655093846995028,0,0,0.1138220467357024,281.5886849849071,0.8611435199736696,0.0,High Income,Low Risk,Credit-Positive but Stretched
1,1,0,1,0,0.0,1,1,-0.2531475825076361,-0.1923076923076921,0.1176434770962571,1,0,-0.02109563187563634,911.6427982315333,-0.2918876803128661,-0.0,Lower-Middle Income,Low Risk,Credit-Positive but Stretched
1,1,3,1,0,0.0,1,1,-0.2638754376815913,-0.0769230769230767,0.3622746706085262,1,0,-0.02198961980679927,349.8313109187996,-0.30635593229267327,-0.0,Lower-Middle Income,Low Risk,Credit-Positive but Stretched
1,1,2,0,0,0.0,1,1,-0.0671980928257468,-0.0256410256410255,0.0591725842215762,0,0,-0.005599841068812234,457.97023573067986,-0.06956241881868837,-0.0,Lower-Middle Income,Low Risk,Credit-Positive but Stretched
0,0,0,1,0,0.0,1,1,0.2188780451463905,0.0256410256410258,-0.2986621975922459,0,0,0.018239837095532542,140.56934726589753,0.19793080049544046,0.0,Upper-Middle Income,Low Risk,Credit-Positive but Stretched
1,1,3,1,0,0.0,1,1,2.1273560306935857,2.1666666666666665,-0.4620110632402543,0,0,0.17727966922446547,1222.167468198872,1.1401879289479904,0.0,High Income,Low Risk,Credit-Positive but Stretched
1,1,1,1,1,0.0,0,0,2.1273560306935857,2.1666666666666665,0.3825017146878278,0,0,0.17727966922446547,1222.167468198872,1.1401879289479904,0.0,High Income,Low Risk,Credit-Challenged
1,0,0,1,0,0.0,0,1,-0.1488489905386277,0.0,0.2584262791952779,0,0,-0.012404082544885642,-0.0,-0.1611657167252306,-0.0,Lower-Middle Income,Low Risk,Credit-Challenged
1,1,0,1,1,0.0,1,1,0.7633166952246144,0.6923076923076924,-0.1192490516956169,1,0,0.0636097246020512,1088.3505833941845,0.567196521557175,0.0,High Income,Low Risk,Credit-Positive but Stretched
0,1,0,1,0,0.0,1,0,0.4075094986217686,-0.2564102564102564,-0.8855513179268865,0,1,0.033959124885147386,-755.0333141513227,0.34182182958568186,0.0,Upper-Middle Income,Low Risk,Prime Capacity
0,0,0,1,0,0.0,1,1,-0.8691052670788945,-0.8076923076923077,0.2988308447426101,0,1,-0.0724254389232412,1115.2206626665588,-2.033361844300539,-0.0,Low Income,Low Risk,Credit-Positive but Stretched
1,0,1,1,0,0.0,1,1,0.2266259405498026,-0.1666666666666665,-0.5804748634432828,0,1,0.018885495045816884,-882.4647784692111,0.20426726232282857,0.0,Upper-Middle Income,Low Risk,Prime Capacity
1,0,0,1,0,0.0,1,1,-0.7394770170602697,-0.4102564102564102,1.0361895071438811,1,0,-0.06162308475502248,665.7619778483273,-1.3450641954242604,-0.0,Low Income,Low Risk,Credit-Positive but Stretched
1,0,0,1,0,0.0,1,1,-0.7698726067198093,-0.7564102564102564,0.1043430905602416,0,1,-0.0641560505599841,1179.0346197343,-1.4691222395690544,-0.0,Low Income,Low Risk,Credit-Positive but Stretched
1,1,0,1,0,-180.0,1,1,2.1273560306935857,2.1666666666666665,-1.8341677145578328,0,1,0.17727966922446547,1222.167468198872,1.1401879289479904,-382.92408552484545,High Income,Low Risk,Credit-Positive but Stretched
1,1,1,1,1,-180.0,1,1,1.8623258586009088,2.1666666666666665,-0.9542207867918598,0,1,0.15519382155007574,1396.094692481451,1.0516345316065454,-335.2186545481636,High Income,Low Risk,Credit-Positive but Stretched
1,1,0,1,1,0.0,1,1,1.3637785889890486,-0.7692307692307692,-1.9160131319038305,1,0,0.11364821574908739,-676.8465265339468,0.8602614356774309,0.0,High Income,Low Risk,Prime Capacity
1,1,1,1,0,0.0,1,1,0.1554049020338225,0.3846153846153848,0.3150657967941535,0,0,0.012950408502818542,2969.6799736621942,0.14445084707181674,0.0,Upper-Middle Income,Low Risk,Credit-Positive but Stretched
1,1,2,1,1,0.0,1,1,0.5016762273709305,0.5897435897435901,0.0737930973110584,0,0,0.041806352280910876,1410.621715006012,0.4065819691006236,0.0,Upper-Middle Income,Low Risk,Credit-Positive but Stretched
0,0,3,0,0,0.0,0,0,-1.068762571705282,-0.0256410256410255,1.9507776780404296,0,1,-0.08906354764210683,28.78990812621105,,-0.0,Low Income,Low Risk,Credit-Challenged
0,0,0,1,0,0.0,1,1,-0.3744319451687402,-0.7564102564102564,-0.7901456530801491,1,0,-0.031202662097395015,2424.2627012918265,-0.46909515430407284,-0.0,Low Income,Low Risk,Credit-Positive but Stretched
1,1,3,0,0,0.0,1,0,-0.3523802428667213,0.5512820512820514,1.871950609529432,0,0,-0.029365020238893442,-1877.4065907769107,-0.4344515494085718,-0.0,Lower-Middle Income,Low Risk,Prime Capacity
0,0,0,1,0,0.0,1,0,-0.9054607762795204,-1.076923076923077,-0.5354114353060827,0,0,-0.07545506468996004,1427.256545221444,-2.35874046477325,-0.0,Low Income,Low Risk,Credit-Positive but Stretched
1,1,1,0,0,0.0,1,1,0.1092155255904045,0.3589743589743592,0.3571761687072002,0,1,0.009101293799200374,3943.779083530513,0.10365303176791438,0.0,Upper-Middle Income,Low Risk,Credit-Positive but Stretched
1,1,3,0,0,0.0,1,1,-0.6685539745213439,-0.7179487179487181,-0.0903423089467027,1,0,-0.055712831210111995,1288.6826771876179,-1.1042903016815941,-0.0,Low Income,Low Risk,Credit-Positive but Stretched
1,1,2,1,0,0.0,1,1,-0.1500409744468449,-0.0641025641025639,0.1469649014710694,0,0,-0.012503414537237073,512.721474013211,-0.16256713589126667,-0.0,Lower-Middle Income,Low Risk,Credit-Positive but Stretched
1,1,0,1,0,0.0,1,1,-0.1369291514564553,0.3846153846153848,0.9117099527869064,1,0,-0.011410762621371274,-3370.932396919228,-0.14725849562115945,-0.0,Lower-Middle Income,Low Risk,Prime Capacity
1,1,0,0,0,0.0,0,0,0.398271623333085,0.2820512820512822,-0.1813370725687941,0,0,0.03318930194442375,849.8002896254736,0.33523691916861376,0.0,Upper-Middle Income,Low Risk,Credit-Challenged
1,1,2,0,0,0.0,1,1,-0.0493183342024882,-0.0512820512820511,-0.0149683926710493,0,1,-0.004109861183540683,1248.0842985758986,-0.05057600875365968,-0.0,Lower-Middle Income,Low Risk,Credit-Positive but Stretched
1,1,0,1,0,0.0,1,1,1.6388288758101766,1.6538461538461544,-0.0450428673817341,1,0,0.1365690729841814,1210.9872373266694,0.9703352110875834,0.0,High Income,Low Risk,Credit-Positive but Stretched
1,1,0,1,0,0.0,1,1,1.0306190866423304,0.7307692307692311,-0.3422430744111372,0,0,0.08588492388686086,850.8603013130382,0.7083407153494925,0.0,High Income,Low Risk,Credit-Positive but Stretched
1,1,0,1,0,0.0,1,1,1.0926022498696268,1.2564102564102568,0.1088260859253805,1,0,0.09105018748913557,1379.894420992779,0.7384083871193627,0.0,High Income,Low Risk,Credit-Positive but Stretched
1,0,0,1,0,0.0,1,0,2.1273560306935857,2.1666666666666665,-0.0318505229760672,0,0,0.17727966922446547,1222.167468198872,1.1401879289479904,0.0,High Income,Low Risk,Credit-Positive but Stretched
1,1,3,1,0,0.0,1,1,-0.1989123146837517,-0.4487179487179485,-0.4615398544978671,0,0,-0.016576026223645974,2707.192994227704,-0.2217848680971097,-0.0,Lower-Middle Income,Low Risk,Credit-Positive but Stretched
0,1,0,1,1,0.0,0,0,0.0248826640840348,-0.3205128205128204,-0.5637278958582844,0,0,0.002073555340336233,-15449.711766227134,0.024578131973359424,0.0,Upper-Middle Income,Low Risk,Credit-Challenged
0,1,0,1,0,0.0,1,1,-0.7415629888996499,0.0,1.9507776780404296,1,0,-0.06179691574163749,-0.0,-1.3531032855178866,-0.0,Low Income,Low Risk,Prime Capacity
0,0,0,1,0,-180.0,1,1,-0.4778365492065857,1.3076923076923082,0.7041178696379421,0,1,-0.03981971243388214,-3284.114999609027,-0.6497746159873113,86.01057885718542,Low Income,Low Risk,Prime Capacity
1,1,2,1,0,0.0,1,1,1.812858526409893,0.4487179487179488,-1.0944244138653971,0,0,0.15107154386749108,297.02150849563293,1.0342012354630072,0.0,High Income,Low Risk,Credit-Positive but Stretched
1,1,1,1,0,0.0,1,0,-0.4593607986292185,-0.8076923076923077,-0.7651928482049632,0,1,-0.03828006655243488,2110.010458551612,-0.6150031332094992,-0.0,Low Income,Low Risk,Credit-Positive but Stretched
1,1,0,0,0,120.0,0,0,-0.2236459807792594,-0.7051282051282051,-0.3018277614662972,0,1,-0.018637165064938285,3783.65507426643,-0.2531466524952085,-26.837517693511128,Lower-Middle Income,Low Risk,Credit-Challenged
1,1,3,1,0,0.0,1,1,0.8694032630559487,0.8974358974358977,-0.0146718084867105,1,0,0.07245027192132907,1238.6751448758207,0.6256192692745844,0.0,High Income,Low Risk,Credit-Positive but Stretched
0,0,1,1,0,0.0,1,0,-0.2066602100871638,-0.6282051282051282,-0.7808803039225648,1,0,-0.017221684173930316,3647.968465481424,-0.2315036624722523,-0.0,Lower-Middle Income,Low Risk,Credit-Positive but Stretched
1,1,2,1,0,0.0,1,1,0.968635923415034,1.3589743589743593,0.3469117941533461,1,0,0.08071966028458617,1683.552084662344,0.6773408782508022,0.0,High Income,Low Risk,Credit-Positive but Stretched
1,1,0,1,0,0.0,1,1,0.4966102957610072,0.0,-0.6462013915134228,0,1,0.041384191313417265,0.0,0.4032027480745132,0.0,Upper-Middle Income,Low Risk,Prime Capacity
1,1,0,1,0,-60.0,1,1,0.187588467555688,-0.2051282051282049,-0.9416918987687478,0,1,0.015632372296307335,-1312.1174449140253,0.17192475314601055,-11.255308053341281,Upper-Middle Income,Low Risk,Prime Capacity
1,0,0,1,1,0.0,1,1,0.4188333457498324,0.1410256410256412,-0.3872219057480175,0,0,0.03490277881248603,404.0411835729158,0.34983494642506835,0.0,Upper-Middle Income,Low Risk,Credit-Positive but Stretched
1,0,0,0,0,0.0,1,0,0.2382477836549206,0.0384615384615386,-0.3057703428675144,0,0,0.019853981971243384,193.71228096426225,0.21369730258347397,0.0,Upper-Middle Income,Low Risk,Credit-Positive but Stretched
1,0,0,1,0,120.0,1,0,-0.8691052670788945,-0.7435897435897436,1.5967376289486723,1,0,-0.0724254389232412,1026.711086264451,-2.033361844300539,-104.29263204946733,Low Income,Low Risk,Credit-Positive but Stretched
1,0,0,1,0,0.0,0,0,-0.0871638232883856,-0.0769230769230767,0.0079032345220419,0,0,-0.0072636519406987995,1059.1596231124813,-0.09119884853818955,-0.0,Lower-Middle Income,Low Risk,Credit-Challenged
1,1,1,1,0,0.0,1,1,0.2707293451538404,0.576923076923077,0.3959483075379117,1,0,0.022560778762820033,2557.081527072675,0.23959102315323685,0.0,Upper-Middle Income,Low Risk,Credit-Positive but Stretched
1,1,0,1,0,0.0,1,0,2.1273560306935857,2.1666666666666665,-0.1483149841532527,0,0,0.17727966922446547,1222.167468198872,1.1401879289479904,0.0,High Income,Low Risk,Credit-Positive but Stretched
0,0,0,1,1,0.0,1,1,2.1273560306935857,-0.9615384615384616,-2.049222321959571,1,0,0.17727966922446547,-542.3820125142923,1.1401879289479904,0.0,High Income,Low Risk,Prime Capacity
1,1,2,1,0,0.0,1,1,-0.0689860686880727,0.3205128205128206,0.6450054969594435,1,0,-0.005748839057339391,-5576.231646631774,-0.0714810380018524,-0.0,Lower-Middle Income,Low Risk,Prime Capacity
1,1,2,1,1,-60.0,1,1,2.1273560306935857,2.1666666666666665,-0.227250790331184,0,0,0.17727966922446547,1222.167468198872,1.1401879289479904,-127.64136184161514,High Income,Low Risk,Credit-Positive but Stretched
1,0,1,1,0,-180.0,0,0,-0.1095135215674588,1.1794871794871795,-0.2399625528191953,0,1,-0.009126126797288234,-12925.707288118938,-0.11598736060965509,19.712433882142584,Lower-Middle Income,Low Risk,Credit-Challenged
0,0,0,1,0,0.0,1,1,-0.3556581986143187,-0.2564102564102564,0.2146720282991571,0,1,-0.029638183217859892,865.1640559948323,-0.43952594618112417,-0.0,Lower-Middle Income,Low Risk,Credit-Positive but Stretched
1,1,0,1,0,-180.0,1,1,0.0964016985770692,1.4102564102564104,-0.3606486446731584,0,1,0.008033474881422434,17552.564804418642,0.09203363467647677,-17.352305743872456,Upper-Middle Income,Low Risk,Credit-Positive but Stretched
1,1,3,1,0,0.0,1,1,2.1273560306935857,0.0,-1.6416184924054948,0,0,0.17727966922446547,0.0,1.1401879289479904,0.0,High Income,Low Risk,Prime Capacity
1,1,0,1,0,0.0,1,1,-0.3297325486105937,0.0,0.6750462443088605,1,0,-0.027477712384216143,-0.0,-0.40007846507051725,-0.0,Lower-Middle Income,Low Risk,Prime Capacity
1,0,0,1,0,120.0,1,0,-0.6995455561349921,-0.983974358974359,-0.1112885077615989,0,1,-0.05829546301124935,1687.9379415236692,-1.202459137614268,-83.94546673619905,Low Income,Low Risk,Credit-Positive but Stretched
1,1,2,1,0,0.0,1,1,-0.0075988974148848,0.0,-0.0016721127274189,0,1,-0.0006332414512404001,-0.0,-0.007627916136173197,-0.0,Lower-Middle Income,Low Risk,Prime Capacity
1,1,0,1,0,0.0,1,1,0.12411532444312,-0.0256410256410255,-0.2444873584438706,1,0,0.010342943703593333,-247.88442760103374,0.11699634802601526,0.0,Upper-Middle Income,Low Risk,Prime Capacity
1,0,0,1,0,0.0,1,1,1.4174178648588245,2.1282051282051286,0.555797180101901,1,0,0.11811815540490204,1801.7442817888675,0.8826999725287714,0.0,High Income,Low Risk,Credit-Positive but Stretched
0,0,0,1,0,0.0,1,1,0.1738806526111897,0.3333333333333334,0.2093200320387436,0,1,0.014490054384265809,2300.269700838762,0.1603150574744094,0.0,Upper-Middle Income,Low Risk,Credit-Positive but Stretched
1,0,0,1,1,0.0,1,1,0.5216419578335693,-0.0256410256410255,-0.701493389680416,0,1,0.04347016315279744,-58.98398796208759,0.41978998724056754,0.0,Upper-Middle Income,Low Risk,Prime Capacity
1,1,2,1,0,0.0,1,0,-0.2534455784846904,-0.3846153846153846,-0.2493101613924771,0,1,-0.0211204648737242,1821.1417141250777,-0.2922867624293072,-0.0,Lower-Middle Income,Low Risk,Credit-Positive but Stretched
1,0,1,1,0,-180.0,1,1,-0.521343961856515,1.2307692307692313,0.7481058006250789,0,1,-0.04344533015470958,-2832.9801066936457,-0.7367730227242156,93.8419131341727,Low Income,Low Risk,Prime Capacity
1,0,0,0,0,0.0,1,1,-0.4382030842583625,0.0256410256410258,1.0430681113419902,1,0,-0.036516923688196874,-70.21875130414354,-0.576614854284989,-0.0,Low Income,Low Risk,Prime Capacity
1,1,0,0,0,0.0,0,0,0.2173880652611189,-0.0256410256410255,-0.3695291789790192,0,1,0.018115672105093242,-141.53275773985496,0.196707633564148,0.0,Upper-Middle Income,Low Risk,Credit-Challenged
1,1,0,1,0,0.0,1,1,-0.1986143187066974,0.076923076923077,0.5037634948804094,0,1,-0.016551193225558116,-464.7865790732057,-0.22141294805563058,-0.0,Lower-Middle Income,Low Risk,Prime Capacity
1,1,0,1,0,0.0,1,1,0.0213067123593831,-0.0641025641025639,-0.1513002429034002,0,0,0.001775559363281925,-3608.242168961025,0.021082897948264154,0.0,Upper-Middle Income,Low Risk,Prime Capacity
1,0,3,1,0,0.0,1,1,1.1176339119421888,0.7051282051282055,-0.4417498069556986,0,0,0.09313615932851572,757.0857971317974,0.7502993861311007,0.0,High Income,Low Risk,Credit-Positive but Stretched
1,1,3,1,0,0.0,1,1,1.2180585562094912,1.8589743589743597,0.537733546241587,0,0,0.10150487968412426,1831.3957425513622,0.7966322890348252,0.0,High Income,Low Risk,Credit-Positive but Stretched
1,1,0,1,0,0.0,1,1,-0.2141101095135215,-0.1282051282051282,0.1581628306530728,0,1,-0.017842509126126792,718.5778248847058,-0.24093858480582725,-0.0,Lower-Middle Income,Low Risk,Credit-Positive but Stretched
1,1,2,0,0,-180.0,1,1,-0.5359457647321761,1.2307692307692313,0.7948018956752825,1,0,-0.04466214706101468,-2755.794044178472,-0.7677538472334906,96.4702376517917,Low Income,Low Risk,Prime Capacity
1,1,2,1,0,0.0,1,1,-0.2731133129702749,-0.2179487179487177,0.109863573478892,0,1,-0.02275944274752291,957.660945287831,-0.3189846773796861,-0.0,Lower-Middle Income,Low Risk,Credit-Positive but Stretched
1,1,2,1,0,0.0,1,1,-0.4936303359904641,0.0641025641025642,1.31749246059326,1,0,-0.04113586133253867,-155.8351287107841,-0.6804883151409977,-0.0,Low Income,Low Risk,Prime Capacity
0,0,0,1,0,0.0,0,0,-0.6664680026819638,-0.7564102564102564,-0.2016415608783789,0,1,-0.05553900022349698,1361.96883821221,-1.0980164742466707,-0.0,Low Income,Low Risk,Credit-Challenged
1,1,0,1,0,0.0,1,1,-0.2754972807867094,-0.4487179487179485,-0.3334837386765992,0,1,-0.022958106732225782,1954.592771431714,-0.322269764000989,-0.0,Lower-Middle Income,Low Risk,Credit-Positive but Stretched
1,0,0,0,0,0.0,1,1,0.0451463905237279,-0.2692307692307692,-0.5094350749996666,0,0,0.0037621992103106586,-7154.305530600484,0.0441569622311362,0.0,Upper-Middle Income,Low Risk,Prime Capacity
0,0,0,1,0,0.0,0,0,-0.6307084854354467,-0.3461538461538462,0.7924965390487821,1,0,-0.05255904045295389,658.6125418121283,-0.9961689344670623,-0.0,Low Income,Low Risk,Credit-Challenged
1,1,2,0,0,-180.0,0,0,-0.7531848320047679,-0.5128205128205128,-0.9569696070077398,0,1,-0.062765402667064,817.0563106300674,-1.3991155301877403,135.57326976085824,Low Income,Low Risk,Credit-Challenged
1,0,0,0,0,-60.0,1,0,-0.7931162929300455,-0.6666666666666667,-0.0599434381185312,0,0,-0.06609302441083713,1008.6945779154455,-1.5755984451808367,47.58697757580273,Low Income,Low Risk,Credit-Positive but Stretched
1,0,0,1,0,0.0,1,1,2.1273560306935857,-0.3461538461538462,-2.049222321959571,1,0,0.17727966922446547,-195.25752450514526,1.1401879289479904,0.0,High Income,Low Risk,Prime Capacity
0,0,0,0,0,0.0,1,1,-1.0291291067570587,-0.9871794871794872,0.321151549184048,1,0,-0.08576075889642155,1151.0987202888214,,-0.0,Low Income,Low Risk,Credit-Positive but Stretched
0,0,0,1,1,0.0,1,0,0.6032928555464501,0.8205128205128209,0.2173496607821692,0,0,0.05027440462887084,1632.0362343571041,0.47205954910994885,0.0,Upper-Middle Income,Low Risk,Credit-Positive but Stretched
0,0,0,1,0,0.0,1,1,-0.2591075020487223,-0.1923076923076921,0.1300359330361438,1,0,-0.021592291837393526,890.6724699753179,-0.2998997411995635,-0.0,Lower-Middle Income,Low Risk,Credit-Positive but Stretched
1,1,0,0,0,0.0,1,1,-0.2531475825076361,-0.1923076923076921,0.1176434770962571,0,1,-0.02109563187563634,911.6427982315333,-0.2918876803128661,-0.0,Lower-Middle Income,Low Risk,Credit-Positive but Stretched
0,0,0,0,0,0.0,1,1,-0.9546301124934812,-0.8205128205128205,0.6371558302200118,0,0,-0.07955250937445676,1031.4233217758147,-3.0929066647777357,-0.0,Low Income,Low Risk,Credit-Positive but Stretched
1,1,1,1,0,-60.0,0,0,0.8592713998361022,0.6717948717948721,-0.6507386803869606,1,0,0.07160594998634186,938.1699289286985,0.6201846904643614,-51.556283990166136,High Income,Low Risk,Credit-Challenged
1,1,3,1,0,0.0,0,0,2.1273560306935857,2.1666666666666665,-2.049222321959571,0,0,0.17727966922446547,1222.167468198872,1.1401879289479904,0.0,High Income,Low Risk,Credit-Challenged
0,0,1,0,1,0.0,1,0,-0.461744766445653,-0.8717948717948718,-0.9058615503353252,1,0,-0.03847873053713775,2265.7128152437085,-0.6194224195070032,-0.0,Low Income,Low Risk,Credit-Positive but Stretched
1,1,0,1,0,0.0,1,1,0.250167622737093,0.3846153846153848,0.1618174907700678,0,1,0.02084730189475775,1844.8283536804277,0.2232776405135256,0.0,Upper-Middle Income,Low Risk,Credit-Positive but Stretched
1,1,0,0,0,0.0,0,0,0.2024882664084034,1.1282051282051284,1.3014811621098692,0,0,0.01687402220070028,6685.6512233703015,0.18439296528564347,0.0,Upper-Middle Income,Low Risk,Credit-Challenged
1,1,0,0,0,0.0,1,1,-0.3368844520598972,-0.2564102564102564,0.1718324191587995,0,0,-0.028073704338324765,913.3792502498804,-0.4108060235287046,-0.0,Lower-Middle Income,Low Risk,Credit-Positive but Stretched
0,1,0,0,0,0.0,0,0,-0.0090888773001564,0.6153846153846156,0.9979824191278596,1,0,-0.0007574064416797,-81356.34249994926,-0.009130433134339833,-0.0,Lower-Middle Income,Low Risk,Credit-Challenged
0,0,0,1,0,0.0,1,1,-0.7215972584370111,-0.8974358974358975,-0.4582752196382564,0,1,-0.060133104869750924,1492.4405180556835,-1.2786865030021521,-0.0,Low Income,Low Risk,Credit-Positive but Stretched
0,0,1,1,0,0.0,1,0,-0.8393056693734634,0.3846153846153848,1.9507776780404296,0,1,-0.06994213911445528,-549.9129546431612,-1.8282512860984794,-0.0,Low Income,Low Risk,Prime Capacity
1,1,2,1,1,0.0,1,0,2.1273560306935857,1.397435897435898,-1.4617556727220955,0,1,0.17727966922446547,788.2618581874385,1.1401879289479904,0.0,High Income,Low Risk,Credit-Positive but Stretched
1,1,0,1,0,0.0,1,1,-0.4823064888624003,-0.2307692307692308,0.5997219837079238,0,0,-0.04019220740520003,574.1783978835465,-0.6583718891733086,-0.0,Low Income,Low Risk,Credit-Positive but Stretched
1,1,0,1,0,0.0,1,1,-0.2245399687104224,0.1025641025641026,0.6115236141056019,1,0,-0.018711664059201865,-548.158538037894,-0.2542988369721677,-0.0,Lower-Middle Income,Low Risk,Prime Capacity
1,1,0,1,0,0.0,1,1,0.1229233405349027,0.1025641025641026,-0.0508509997394784,0,0,0.010243611711241891,1001.1516830018479,0.11593541032289305,0.0,Upper-Middle Income,Low Risk,Credit-Positive but Stretched
0,0,0,0,0,0.0,0,0,-0.8035461521269462,-0.641025641025641,0.5910573215111149,0,1,-0.06696217934391219,957.309365376224,-1.6273277461343492,-0.0,Low Income,Low Risk,Credit-Challenged
1,1,0,1,0,0.0,1,1,-0.5594874469194666,-0.3846153846153846,0.4618042614301948,0,1,-0.04662395390995555,824.9485550791247,-0.8198163366668063,-0.0,Low Income,Low Risk,Credit-Positive but Stretched
1,1,1,1,0,0.0,0,0,1.043134917678611,-0.2564102564102564,-1.3195260542941725,0,1,0.08692790980655092,-294.9654573845046,0.7144853526557948,0.0,High Income,Low Risk,Credit-Challenged
1,1,0,1,0,0.0,1,1,2.1273560306935857,-0.4358974358974358,-1.9779199880637983,1,0,0.17727966922446547,-245.87984567314578,1.1401879289479904,0.0,High Income,Low Risk,Prime Capacity
1,1,0,1,0,0.0,1,1,0.461744766445653,-0.1153846153846154,-0.7562685439922701,0,0,0.03847873053713775,-299.85816889558214,0.3796307677324655,0.0,Upper-Middle Income,Low Risk,Prime Capacity
0,0,1,0,0,0.0,1,0,-0.241525739402518,-0.6282051282051282,-0.7321370503405027,0,0,-0.020127144950209834,3121.338585999693,-0.2764464153804403,-0.0,Lower-Middle Income,Low Risk,Credit-Positive but Stretched
1,1,2,1,0,0.0,1,1,0.1545109141026596,0.0384615384615386,-0.1924228952399828,1,0,0.012875909508554967,298.68609728123124,0.14367680329969884,0.0,Upper-Middle Income,Low Risk,Credit-Positive but Stretched
1,1,0,1,0,0.0,1,1,-0.7391432613156522,-0.5512820512820513,0.6155806884111295,0,0,-0.061595271776304354,895.021623575932,-1.343783916286566,-0.0,Low Income,Low Risk,Credit-Positive but Stretched
1,0,0,0,0,-180.0,1,1,-0.8044401400581093,-0.1282051282051282,-0.228927147200558,0,1,-0.06703667833817577,191.24909508391949,-1.6318887574619123,144.79922521045967,Low Income,Low Risk,Credit-Positive but Stretched
0,0,1,1,1,0.0,1,1,0.9558220964016986,0.2564102564102566,-0.7536685118695038,1,0,0.07965184136680821,321.9097423398435,0.6708106147163047,0.0,High Income,Low Risk,Credit-Positive but Stretched
1,0,0,1,0,0.0,0,0,0.3228786411383446,-0.3205128205128204,-0.8923515089319198,0,0,0.02690655342819538,-1191.1629995203034,0.2798101508711986,0.0,Upper-Middle Income,Low Risk,Credit-Challenged
1,0,0,1,0,0.0,1,1,2.1273560306935857,2.1666666666666665,0.819545190406668,1,0,0.17727966922446547,1222.167468198872,1.1401879289479904,0.0,High Income,Low Risk,Credit-Positive but Stretched
1,1,0,1,0,0.0,1,1,-0.1941443790508828,0.1666666666666668,0.658048161831736,1,0,-0.016178698254240235,-1030.2248443964077,-0.21585068285734652,-0.0,Lower-Middle Income,Low Risk,Prime Capacity
1,0,0,1,0,0.0,1,1,-0.4966102957610072,-0.3846153846153846,0.2839123759586324,0,1,-0.041384191313417265,929.4000109911401,-0.6863906489354614,-0.0,Low Income,Low Risk,Credit-Positive but Stretched
0,1,0,1,0,-120.0,1,1,1.3798703717499814,0.7948717948717953,-1.2743081019856528,1,0,0.11498919764583178,691.2517859304751,0.8670460205488075,-165.58444460999777,High Income,Low Risk,Credit-Positive but Stretched
1,0,0,1,0,0.0,1,1,-0.4885644043805409,-1.0256410256410258,-1.2185990154697843,1,0,-0.040713700365045076,2519.216402854024,-0.6705336142855647,-0.0,Low Income,Low Risk,Credit-Positive but Stretched
1,1,0,1,0,0.0,1,1,-0.6193846383073829,-0.0256410256410255,1.5907309117390669,0,1,-0.05161538652561524,49.67805948502429,-0.9659659631568382,-0.0,Low Income,Low Risk,Credit-Positive but Stretched
1,0,0,1,1,0.0,0,0,1.4898308872830217,0.7307692307692311,-0.6910301836855347,0,1,0.12415257394025181,588.6010427061161,0.9122147914163625,0.0,High Income,Low Risk,Credit-Challenged
0,1,0,0,1,0.0,1,1,0.5141920584072115,0.1025641025641026,-0.5378358205713091,0,0,0.04284933820060096,239.35424286257833,0.41488200192837527,0.0,Upper-Middle Income,Low Risk,Credit-Positive but Stretched
1,0,0,1,0,0.0,1,1,0.9856216941071296,0.7307692307692311,-0.3014374480619519,1,0,0.08213514117559413,889.7048489372803,0.6859320611272602,0.0,High Income,Low Risk,Credit-Positive but Stretched
1,1,0,1,0,0.0,1,1,1.2865976309319824,0.6410256410256413,-0.6307519111050528,0,0,0.10721646924433187,597.8742508507116,0.8270649620594136,0.0,High Income,Low Risk,Credit-Positive but Stretched
1,0,3,0,0,0.0,1,1,0.3824778365492066,0.2307692307692308,-0.2282141643868717,1,0,0.03187315304576722,724.0011379686721,0.3238774228567028,0.0,Upper-Middle Income,Low Risk,Credit-Positive but Stretched
1,0,1,1,0,0.0,1,1,2.1273560306935857,0.2820512820512822,-2.049222321959571,1,0,0.17727966922446547,159.0987236708592,1.1401879289479904,0.0,High Income,Low Risk,Credit-Positive but Stretched
1,1,0,1,0,-60.0,1,1,2.1273560306935857,1.0256410256410262,-1.449909666361568,0,0,0.17727966922446547,578.5408133485788,1.1401879289479904,-127.64136184161514,High Income,Low Risk,Credit-Positive but Stretched
1,1,1,1,1,0.0,1,1,-0.2206660210087163,0.0,0.4108916440515137,0,0,-0.018388835084059692,-0.0,-0.2493155971438751,-0.0,Lower-Middle Income,Low Risk,Prime Capacity
1,1,2,0,0,0.0,1,1,-0.2278179244580198,-0.2564102564102564,-0.0540942039706997,0,0,-0.018984827038168315,1350.677373401715,-0.2585349076177561,-0.0,Lower-Middle Income,Low Risk,Credit-Positive but Stretched
1,1,0,1,0,0.0,1,0,-0.1494449824927363,-0.9615384615384616,-1.4477227087329847,0,0,-0.012453748541061358,7721.495847827573,-0.16186618081130885,-0.0,Lower-Middle Income,Low Risk,Credit-Positive but Stretched
1,1,2,1,0,0.0,0,0,-0.1092155255904045,0.2564102564102566,0.6236398829205017,0,0,-0.009101293799200374,-2817.604157272229,-0.11565277256805606,-0.0,Lower-Middle Income,Low Risk,Credit-Challenged
1,0,1,0,1,0.0,1,0,-0.3294345526335394,0.7692307692307697,1.9507776780404296,1,0,-0.02745287938612828,-2802.1060358420123,-0.3996339712305507,-0.0,Lower-Middle Income,Low Risk,Prime Capacity
1,1,2,0,0,0.0,0,0,-0.5520375474931088,-0.0641025641025639,1.2244791368339958,0,0,-0.04600312895775907,139.34695101051813,-0.8030458614480674,-0.0,Low Income,Low Risk,Credit-Challenged
1,1,2,0,0,-60.0,1,1,-0.5967369440512553,-0.7435897435897436,-0.7333751263583028,0,1,-0.049728078670937946,1495.3417000631503,-0.9081661856906582,35.80421664307532,Low Income,Low Risk,Credit-Positive but Stretched
1,1,0,1,0,0.0,0,0,0.0788199359308649,0.2435897435897438,0.2348056401268448,0,0,0.006568327994238742,3707.9857148763226,0.07586779184096648,0.0,Upper-Middle Income,Low Risk,Credit-Challenged
1,1,0,1,0,-180.0,0,1,-0.1393131192728898,0.6410256410256413,-0.6650336683323741,0,0,-0.01160942660607415,-5522.071705137218,-0.1500245100046175,25.076361469120165,Lower-Middle Income,Low Risk,Credit-Challenged
1,0,0,1,1,0.0,1,1,0.4972062877151158,-0.5897435897435896,-1.37322734641123,1,0,0.04143385730959299,-1423.3030545686286,0.40360089668874116,0.0,Upper-Middle Income,Low Risk,Prime Capacity
1,1,2,1,0,0.0,1,1,-0.4641287342620874,-0.4358974358974358,0.0836592837041503,1,0,-0.038677394521840616,1127.0374120609506,-0.6238613226202797,-0.0,Low Income,Low Risk,Credit-Positive but Stretched
1,1,0,1,0,0.0,1,1,-0.3324145124040825,-0.1538461538461538,0.3699337723414847,0,1,-0.027701209367006874,555.3970795231486,-0.4040878256034165,-0.0,Lower-Middle Income,Low Risk,Credit-Positive but Stretched
1,1,0,1,0,0.0,1,0,0.2564255382552335,0.5512820512820514,0.3839709287394929,0,1,0.02136879485460279,2579.725519280369,0.2282708150081145,0.0,Upper-Middle Income,Low Risk,Credit-Positive but Stretched
1,0,2,1,0,0.0,1,1,-0.3166207256202041,0.076923076923077,0.7951286236778509,0,0,-0.026385060468350343,-291.55132135689274,-0.38070526697798046,-0.0,Lower-Middle Income,Low Risk,Prime Capacity
1,1,0,1,0,0.0,1,0,0.8694032630559487,0.3846153846153848,-0.5516937229567511,1,0,0.07245027192132907,530.8607763753519,0.6256192692745844,0.0,High Income,Low Risk,Credit-Positive but Stretched
1,1,0,1,1,0.0,1,1,0.2233479848022051,0.3846153846153848,0.2035858816952425,1,0,0.018612332066850427,2066.343539319157,0.20159135000420125,0.0,Upper-Middle Income,Low Risk,Credit-Positive but Stretched
1,1,3,1,0,-180.0,1,1,0.6923936526856888,1.6153846153846156,-0.8494286634443274,0,1,0.05769947105714073,2799.603860746477,0.5261438893755847,-124.63085748342398,High Income,Low Risk,Credit-Positive but Stretched
1,1,0,1,0,0.0,1,1,-0.0636221411010951,0.294871794871795,0.5904248328118362,0,0,-0.0053018450917579245,-5562.731786489659,-0.06573618856279857,-0.0,Lower-Middle Income,Low Risk,Prime Capacity
0,0,1,0,0,0.0,1,1,-0.0671980928257468,0.0256410256410258,0.1453898956296538,1,0,-0.005599841068812234,-457.9702357306852,-0.06956241881868837,-0.0,Lower-Middle Income,Low Risk,Prime Capacity
1,0,0,1,0,0.0,0,0,-0.3726439693064143,-0.4102564102564102,-0.0677423611000842,1,0,-0.031053664108867857,1321.1633269792503,-0.4662410674576438,-0.0,Low Income,Low Risk,Credit-Challenged
1,0,0,1,0,0.0,1,1,0.1738806526111897,0.1282051282051284,-0.0890493436408111,0,0,0.014490054384265809,884.7191157072173,0.1603150574744094,0.0,Upper-Middle Income,Low Risk,Credit-Positive but Stretched
1,1,3,0,0,-180.0,0,0,-0.2400357595172465,0.1282051282051284,-1.001191896649469,0,1,-0.02000297995977054,-640.9621870584012,-0.27448389880511714,43.206436713104374,Lower-Middle Income,Low Risk,Credit-Challenged
1,1,0,1,0,0.0,1,1,2.1273560306935857,-0.2564102564102564,-1.9624379380630328,1,0,0.17727966922446547,-144.63520333714462,1.1401879289479904,0.0,High Income,Low Risk,Prime Capacity
0,1,2,0,0,0.0,1,1,-0.6822617894658423,-0.4102564102564102,0.8067982661805572,1,0,-0.056855149122153524,721.5944950208595,-1.1465274725618568,-0.0,Low Income,Low Risk,Credit-Positive but Stretched
1,1,0,1,0,0.0,1,0,0.4075094986217686,-0.2564102564102564,-0.8855513179268865,0,1,0.033959124885147386,-755.0333141513227,0.34182182958568186,0.0,Upper-Middle Income,Low Risk,Prime Capacity
1,1,1,1,1,0.0,1,1,0.0335245474186098,0.4102564102564104,0.5785582054414264,1,0,0.00279371228488415,14679.736890104125,0.0329748515930894,0.0,Upper-Middle Income,Low Risk,Credit-Positive but Stretched
1,1,1,0,0,-180.0,0,0,-0.3765179170081204,1.2307692307692313,0.3446208090068439,0,0,-0.03137649308401003,-3922.708808029765,-0.47243525045476203,67.77322506146167,Low Income,Low Risk,Credit-Challenged
1,1,3,1,0,0.0,1,1,-0.2161960813529017,-0.3846153846153846,-0.3146073053768206,1,0,-0.018016340112741808,2134.9326863019123,-0.24359639367934824,-0.0,Lower-Middle Income,Low Risk,Credit-Positive but Stretched
0,0,0,1,1,0.0,1,1,-0.8691052670788945,-0.4743589743589744,1.4624714098928735,0,1,-0.0724254389232412,654.9708653755981,-2.033361844300539,-0.0,Low Income,Low Risk,Credit-Positive but Stretched
1,0,2,1,0,0.0,1,1,1.419503836698205,0.4102564102564104,-0.9192372185055836,0,0,0.11829198639151707,346.8138076238731,0.8835624929900926,0.0,High Income,Low Risk,Credit-Positive but Stretched
1,1,2,1,1,0.0,1,1,2.1273560306935857,0.2564102564102566,-1.7428695054748669,0,0,0.17727966922446547,144.63520333714473,1.1401879289479904,0.0,High Income,Low Risk,Credit-Positive but Stretched
1,1,2,1,0,-60.0,1,1,0.9039707963942488,1.871794871794872,0.3457048502117943,1,0,0.07533089969952074,2484.7307438959756,0.6439415982233141,-54.23824778365493,High Income,Low Risk,Credit-Positive but Stretched
1,1,2,1,0,0.0,0,0,-0.200104298591969,0.0256410256410258,0.4128180071795148,1,0,-0.016675358215997416,-153.77518767964182,-0.22327393305350057,-0.0,Lower-Middle Income,Low Risk,Credit-Challenged
1,1,1,1,1,0.0,1,1,2.1273560306935857,-0.5641025641025641,-2.049222321959571,1,0,0.17727966922446547,-318.1974473417182,1.1401879289479904,0.0,High Income,Low Risk,Prime Capacity
1,1,2,1,0,0.0,1,0,-0.2582135141175594,-0.0256410256410255,0.447851593364981,0,1,-0.02151779284312995,119.16750710927802,-0.29869383209955175,-0.0,Lower-Middle Income,Low Risk,Credit-Positive but Stretched
0,0,0,0,0,0.0,1,1,-0.3178127095284214,0.3076923076923078,1.2613292962882074,0,0,-0.02648439246070178,-1161.831167018677,-0.38245103937990393,-0.0,Lower-Middle Income,Low Risk,Prime Capacity
1,1,3,0,0,0.0,1,1,-0.6917976607315801,-0.2179487179487177,1.385324368572174,0,0,-0.05764980506096501,378.0628544134291,-1.1769987660262244,-0.0,Low Income,Low Risk,Credit-Positive but Stretched
1,1,0,1,0,0.0,1,1,-0.0546822617894658,-0.0256410256410255,0.0370292502769062,1,0,-0.00455685514912215,562.8147691650419,-0.05623417709072148,-0.0,Lower-Middle Income,Low Risk,Credit-Positive but Stretched
1,1,0,1,0,0.0,1,1,1.6140952097146688,1.3333333333333337,-0.2829150727153485,1,0,0.13450793414288906,991.260054084535,0.9609180375359244,0.0,High Income,Low Risk,Credit-Positive but Stretched
1,1,2,1,0,0.0,1,1,0.8691052670788945,1.4871794871794877,0.6032997311802365,1,0,0.0724254389232412,2053.365468866454,0.6254598495619994,0.0,High Income,Low Risk,Credit-Positive but Stretched
1,1,1,0,0,0.0,1,1,-0.3047008865380317,0.012820512820513,0.6359936715659357,0,0,-0.025391740544835974,-50.492866869613486,-0.36341314692188925,-0.0,Lower-Middle Income,Low Risk,Prime Capacity
1,0,2,1,0,0.0,0,0,-0.5571034791030322,-0.641025641025641,-0.1762174478268662,0,0,-0.04642528992525268,1380.7979444763732,-0.814419123362754,-0.0,Low Income,Low Risk,Credit-Challenged
1,1,1,1,0,0.0,1,0,2.1273560306935857,2.1666666666666665,0.3517790806214668,0,1,0.17727966922446547,1222.167468198872,1.1401879289479904,0.0,High Income,Low Risk,Credit-Positive but Stretched
1,1,2,1,1,0.0,1,1,0.37234597332936,0.3846153846153848,-0.0141884404268813,1,0,0.03102883111078,1239.5020238500958,0.31652166466458104,0.0,Upper-Middle Income,Low Risk,Credit-Positive but Stretched
1,0,0,1,0,0.0,1,0,-0.8884750055874245,-0.7051282051282051,0.7464768084803236,0,1,-0.07403958379895205,952.3793797068624,-2.1935065480680076,-0.0,Low Income,Low Risk,Credit-Positive but Stretched
1,0,0,0,0,0.0,1,1,0.0201147284511659,-0.4358974358974358,-0.7411202713431202,1,0,0.0016762273709304918,-25989.16780469715,0.01991509984459756,0.0,Upper-Middle Income,Low Risk,Prime Capacity
1,1,1,0,0,0.0,1,1,0.3121507859643895,0.7179487179487181,0.5197829684280821,0,1,0.026012565497032458,2759.9012447202563,0.2716676122446595,0.0,Upper-Middle Income,Low Risk,Credit-Positive but Stretched
1,0,0,0,0,0.0,1,1,-0.5141920584072115,-0.2564102564102564,0.6347449661643398,0,0,-0.04284933820060096,598.4135375561897,-0.7219419150944338,-0.0,Low Income,Low Risk,Credit-Positive but Stretched
0,0,0,0,1,0.0,1,1,2.1273560306935857,1.2179487179487185,-1.2414649773750348,1,0,0.17727966922446547,687.0172158514373,1.1401879289479904,0.0,High Income,Low Risk,Credit-Positive but Stretched
1,1,0,1,0,0.0,0,0,0.1005736422558295,-0.141025641025641,-0.3857853103294194,0,0,0.008381136854652459,-1682.4545276586064,0.095831536833972,0.0,Upper-Middle Income,Low Risk,Credit-Challenged
0,1,1,1,0,-276.0,1,1,-0.3508902629814497,2.1666666666666665,0.0716963656557641,1,0,-0.029240855248454142,-7409.977403295163,-0.43215349025634925,96.84571258288013,Lower-Middle Income,Low Risk,Prime Capacity
1,1,0,0,0,0.0,1,1,-0.3327125083811368,-0.2948717948717947,0.0844212236147441,0,0,-0.027726042365094735,1063.5575988985047,-0.4045343040124407,-0.0,Lower-Middle Income,Low Risk,Credit-Positive but Stretched
1,1,0,1,0,-348.0,1,1,0.6155106906056769,2.1666666666666665,-1.0398475045122066,0,1,0.05129255755047307,4224.052239961437,0.47965112378183056,-214.19772033077555,Upper-Middle Income,Low Risk,Credit-Positive but Stretched
1,1,1,1,1,0.0,1,1,-0.7513968561424421,-0.4487179487179485,0.97186249086745,1,0,-0.06261640467853684,716.625487005371,-1.3918974537362623,-0.0,Low Income,Low Risk,Credit-Positive but Stretched
1,0,0,1,0,0.0,0,0,1.5741637487893914,1.012820512820513,-0.5140911463397562,0,0,0.13118031239911596,772.0768258050592,0.9455247236187883,0.0,High Income,Low Risk,Credit-Challenged
0,0,0,1,0,120.0,1,1,-0.3243686210236162,-0.5801282051282052,0.2215222916263781,0,0,-0.02703071841863468,2146.260631143891,-0.39210764904006834,-38.92423452283394,Lower-Middle Income,Low Risk,Credit-Positive but Stretched
0,0,0,1,0,0.0,1,1,-0.6727259182001043,-0.3846153846153846,0.8421152915224714,1,0,-0.056060493183342025,686.084305752647,-1.1169572885118566,-0.0,Low Income,Low Risk,Credit-Positive but Stretched
1,1,2,1,0,0.0,1,1,1.5115845936079864,1.0000000000000004,-0.4809987225277081,1,0,0.12596538280066552,793.8625987081349,0.9209138661443972,0.0,High Income,Low Risk,Credit-Positive but Stretched
1,1,1,0,0,0.0,1,0,1.172763167697236,0.1025641025641026,-1.048731852242287,0,0,0.09773026397476968,104.94502822615756,0.7759997067001019,0.0,High Income,Low Risk,Credit-Positive but Stretched
1,1,0,0,0,-60.0,1,1,-0.03561051925799,0.241025641025641,-0.0805297347921169,1,0,-0.0029675432714991665,-8124.797751688846,-0.03626004030199806,2.1366311554794,Lower-Middle Income,Low Risk,Prime Capacity
1,1,2,1,0,0.0,1,1,0.7478209044177904,1.4487179487179491,0.730562974298011,0,0,0.06231840870148253,2324.6657484468165,0.5583698145573296,0.0,High Income,Low Risk,Credit-Positive but Stretched
1,1,0,1,0,0.0,1,1,2.1273560306935857,2.1666666666666665,-0.7468181945707385,0,1,0.17727966922446547,1222.167468198872,1.1401879289479904,0.0,High Income,Low Risk,Credit-Positive but Stretched
1,0,0,1,0,0.0,1,0,-0.5463756239290769,-0.4358974358974358,0.298068891131818,0,1,-0.045531301994089744,957.3787495501772,-0.7904857888790618,-0.0,Low Income,Low Risk,Credit-Positive but Stretched
1,1,0,1,1,0.0,1,1,0.0224986962676003,0.7435897435897436,1.130342615049576,0,1,0.0018748913556333585,39639.2755559495,0.022249333890095202,0.0,Upper-Middle Income,Low Risk,Credit-Positive but Stretched
0,0,1,1,0,0.0,1,1,2.1273560306935857,-1.153846153846154,-2.049222321959571,0,1,0.17727966922446547,-650.858415017151,1.1401879289479904,0.0,High Income,Low Risk,Prime Capacity
1,0,0,0,0,0.0,1,0,-0.1583848618043656,-0.3846153846153846,-0.4093306975240586,0,0,-0.013198738483697132,2914.252203818792,-0.17243244976070726,-0.0,Lower-Middle Income,Low Risk,Credit-Positive but Stretched
1,1,1,1,0,0.0,1,1,0.7904343291365566,1.538461538461539,0.7668351726341788,1,0,0.06586952742804639,2335.584059414244,0.5824582323955905,0.0,High Income,Low Risk,Credit-Positive but Stretched
1,1,2,1,0,0.0,1,1,-0.0293526037398495,0.2307692307692308,0.4140772784739701,0,1,-0.0024460503116541248,-9438.220132701927,-0.029792011284704514,-0.0,Lower-Middle Income,Low Risk,Prime Capacity
1,1,0,1,0,-180.0,1,0,1.00707740445504,0.1282051282051284,-1.8093543558723495,1,0,0.08392311703791999,152.76315406118675,0.6966796363126765,-181.2739328019072,High Income,Low Risk,Credit-Positive but Stretched
1,0,0,1,0,0.0,1,0,1.211204648737242,2.1666666666666665,0.9704357311373568,0,0,0.10093372072810351,2146.601933444886,0.7935374569484657,0.0,High Income,Low Risk,Credit-Positive but Stretched
1,1,3,1,0,0.0,1,1,0.4402890560977426,0.2564102564102566,-0.2653054043392426,0,0,0.036690754674811886,698.8225520494849,0.36484382684486594,0.0,Upper-Middle Income,Low Risk,Credit-Positive but Stretched
0,1,2,1,0,120.0,1,1,-0.5225359457647322,-0.5801282051282052,0.751870897192332,1,0,-0.043544662147061014,1332.2908008263632,-0.7392664009834092,-62.70431349176786,Low Income,Low Risk,Credit-Positive but Stretched
1,1,0,0,0,0.0,0,0,-0.161662817551963,-0.0897435897435895,0.1238311454699094,1,0,-0.013471901462663582,666.2032974728969,-0.176334893737639,-0.0,Lower-Middle Income,Low Risk,Credit-Challenged
1,0,0,1,0,0.0,1,0,0.352082246889667,0.7051282051282055,0.4374382975154812,1,0,0.029340187240805584,2403.20270390274,0.30164580926876455,0.0,Upper-Middle Income,Low Risk,Credit-Positive but Stretched
0,0,0,0,0,0.0,1,0,-0.6009088877300156,-0.4487179487179485,0.4265153863937136,0,0,-0.05007574064416797,896.0964009909638,-0.9185655366066756,-0.0,Low Income,Low Risk,Credit-Positive but Stretched
1,1,2,0,0,0.0,1,1,-0.4417790359830142,-1.08974358974359,-1.4199178285764962,1,0,-0.03681491966525118,2960.1400765053654,-0.5830004021233254,-0.0,Low Income,Low Risk,Credit-Positive but Stretched
1,0,0,1,0,0.0,1,1,-0.8691052670788945,-0.9615384615384616,-0.2382340314805883,1,0,-0.0724254389232412,1327.6436460316177,-2.033361844300539,-0.0,Low Income,Low Risk,Credit-Positive but Stretched
1,1,3,1,1,0.0,1,1,0.5019742233479848,-0.3846153846153846,-1.1241087167074535,0,0,0.041831185278998734,-919.4245580291866,0.4067803916420752,0.0,Upper-Middle Income,Low Risk,Prime Capacity
1,1,2,1,1,0.0,1,1,2.1273560306935857,2.1666666666666665,0.8536450861685005,0,0,0.17727966922446547,1222.167468198872,1.1401879289479904,0.0,High Income,Low Risk,Credit-Positive but Stretched
1,0,0,1,0,0.0,1,0,0.4024435670118453,-0.0256410256410255,-0.5833738098869182,1,0,0.033536963917653775,-76.45373375671302,0.3382161201804582,0.0,Upper-Middle Income,Low Risk,Prime Capacity
1,1,2,1,1,0.0,1,1,2.1273560306935857,2.1666666666666665,-0.1423295892978743,0,0,0.17727966922446547,1222.167468198872,1.1401879289479904,0.0,High Income,Low Risk,Credit-Positive but Stretched
1,1,0,1,0,0.0,1,1,-0.4891603963346494,-0.2564102564102564,0.5605462342045769,1,0,-0.040763366361220785,629.0367299534207,-0.6716996252032715,-0.0,Low Income,Low Risk,Credit-Positive but Stretched
1,1,1,0,0,0.0,0,1,0.3869477762050212,0.3974358974358976,-0.0171229956316853,1,0,0.0322456480170851,1232.4874735052333,0.3271054882842609,0.0,Upper-Middle Income,Low Risk,Credit-Challenged
1,0,1,0,0,0.0,1,1,-0.4277732250614616,-0.4615384615384616,-0.0578520935462079,1,0,-0.0356477687551218,1294.7553948270468,-0.558219906488954,-0.0,Low Income,Low Risk,Credit-Positive but Stretched
1,0,0,0,0,0.0,1,1,0.4072115026447143,0.0,-0.5553752088808049,1,0,0.03393429188705952,0.0,0.34161008854418357,0.0,Upper-Middle Income,Low Risk,Prime Capacity
1,1,0,1,0,0.0,1,1,0.3303285405647024,1.1025641025641029,1.0041143172541094,0,0,0.027527378380391865,4005.1908882124562,0.28542593470948857,0.0,Upper-Middle Income,Low Risk,Credit-Positive but Stretched
1,1,3,1,0,0.0,1,1,-0.3383744319451687,-0.3846153846153846,-0.0861743759354193,0,1,-0.028197869328764058,1364.0357733723033,-0.4130554902291319,-0.0,Lower-Middle Income,Low Risk,Credit-Positive but Stretched
1,0,2,1,0,0.0,0,0,-0.5448856440438055,-0.2564102564102564,0.730468548589404,0,0,-0.045407137003650455,564.703965875014,-0.7872065598378692,-0.0,Low Income,Low Risk,Credit-Challenged
1,0,1,1,0,0.0,1,0,1.738359532146316,0.8461538461538465,-0.750434793063824,1,0,0.14486329434552633,584.1010374410299,1.0073590302055366,0.0,High Income,Low Risk,Credit-Positive but Stretched
0,0,0,0,1,0.0,1,1,2.1273560306935857,-0.0641025641025639,-1.92983563434756,0,1,0.17727966922446547,-36.15880083428604,1.1401879289479904,0.0,High Income,Low Risk,Prime Capacity
1,0,0,0,0,0.0,1,1,-0.2456976830812784,-0.0512820512820511,0.3703303353780153,0,0,-0.020474806923439868,250.47638416155897,-0.2819620405128962,-0.0,Lower-Middle Income,Low Risk,Credit-Positive but Stretched
1,1,0,1,0,0.0,1,1,1.3774864039335468,2.1666666666666665,0.9113232257041648,0,1,0.1147905336611289,1887.4795009384482,0.8660437967811185,0.0,High Income,Low Risk,Credit-Positive but Stretched
1,0,2,1,0,0.0,1,1,-0.5362437607092304,-0.2948717948717947,0.6101636562496577,1,0,-0.044686980059102537,659.875411665564,-0.7683962111547277,-0.0,Low Income,Low Risk,Credit-Positive but Stretched
1,1,0,0,0,0.0,1,0,-0.5851151009461373,-0.8205128205128205,-0.5611650912136944,0,0,-0.04875959174551144,1682.8066421511328,-0.8797541488979677,-0.0,Low Income,Low Risk,Credit-Positive but Stretched
1,1,3,1,0,-180.0,1,1,0.2981449750428369,2.1666666666666665,0.0377123067326324,0,0,0.024845414586903074,8720.238725344097,0.2609363031410885,-53.66609550771064,Upper-Middle Income,Low Risk,Credit-Positive but Stretched
0,1,1,1,0,-180.0,1,1,0.6068688072711018,1.923076923076924,-0.598024742815095,1,0,0.050572400605925154,3802.5462002482336,0.474287445134738,-109.23638530879833,Upper-Middle Income,Low Risk,Credit-Positive but Stretched
0,0,0,1,0,0.0,0,0,-0.9769798107725546,-0.3974358974358974,1.9507776780404296,1,0,-0.08141498423104622,488.16662295755833,-3.771383655589891,-0.0,Low Income,Low Risk,Credit-Challenged
0,0,1,1,0,0.0,1,1,-0.5258139015123295,-0.4487179487179485,0.2107906368476789,1,0,-0.043817825126027464,1024.0768184991277,-0.7461554214961291,-0.0,Low Income,Low Risk,Credit-Positive but Stretched
1,1,1,0,0,0.0,1,1,-0.1947403710049914,-0.0256410256410255,0.3070903455159353,0,1,-0.01622836425041595,158.01103152268402,-0.2165905330714331,-0.0,Lower-Middle Income,Low Risk,Credit-Positive but Stretched
0,1,0,0,0,0.0,1,1,-0.5174700141548089,-0.358974358974359,0.4014763962671522,1,0,-0.0431225011795674,832.4718508279917,-0.7287122133047189,-0.0,Low Income,Low Risk,Credit-Positive but Stretched
1,1,0,1,0,0.0,1,1,-0.2081501899724353,0.3205128205128206,0.976081264642974,0,0,-0.017345849164369608,-1847.8847378576759,-0.2333835389540543,-0.0,Lower-Middle Income,Low Risk,Prime Capacity
1,0,0,0,0,-324.0,1,0,-0.6134247187662967,2.1666666666666665,-0.0341824319427392,1,0,-0.051118726563858054,-4238.581823391521,-0.9504286531198965,198.74960888028014,Low Income,Low Risk,Prime Capacity
1,0,0,1,0,0.0,1,1,-0.3300305445876481,0.1923076923076924,1.065323005929339,0,0,-0.027502545382304008,-699.2614038025429,-0.40052315657312065,-0.0,Lower-Middle Income,Low Risk,Prime Capacity
0,0,0,1,0,0.0,0,0,-0.12411532444312,-0.3461538461538462,-0.3948779537123544,1,0,-0.010342943703593333,3347.0869313819044,-0.1325208456198949,-0.0,Lower-Middle Income,Low Risk,Credit-Challenged
1,1,0,1,0,0.0,1,1,-0.1834165238769276,-0.2564102564102564,-0.1362036372873143,0,0,-0.015284710323077301,1677.6702187497979,-0.20262613527191264,-0.0,Lower-Middle Income,Low Risk,Credit-Positive but Stretched
1,1,2,1,1,0.0,0,0,0.3625121060865678,-0.0256410256410255,-0.5406181013828778,0,0,0.03020934217388065,-84.87499245604143,0.3093301327169396,0.0,Upper-Middle Income,Low Risk,Credit-Challenged
1,1,1,0,0,0.0,1,1,-0.1637487893913432,-0.0256410256410255,0.2428383094483999,0,0,-0.013645732449278601,187.91885979692583,-0.17882621987718103,-0.0,Lower-Middle Income,Low Risk,Credit-Positive but Stretched
1,1,1,1,0,0.0,1,1,0.3476123072338523,0.3589743589743592,-0.0143210270447809,0,1,0.02896769226948769,1239.1804077136812,0.29833436521399886,0.0,Upper-Middle Income,Low Risk,Credit-Positive but Stretched
1,1,0,0,0,0.0,0,0,-0.187588467555688,0.6538461538461541,1.5308059127185012,0,1,-0.015632372296307335,-4182.909481342306,-0.20774825385190668,-0.0,Lower-Middle Income,Low Risk,Credit-Challenged
1,1,0,1,0,-180.0,0,0,0.7278551739551516,1.7179487179487185,-0.8204985081892547,0,0,0.06065459782959597,2832.3003637274705,0.5468808555009484,-131.0139313119273,High Income,Low Risk,Credit-Challenged
1,1,1,1,0,0.0,1,1,0.3228786411383446,-1.3333333333333337,-2.049222321959571,1,0,0.02690655342819538,-4955.238078004466,0.2798101508711986,0.0,Upper-Middle Income,Low Risk,Prime Capacity
0,0,0,1,0,0.0,1,1,-0.3350964761975713,-0.5897435897435896,-0.5099781809520189,0,1,-0.02792470634979761,2111.981777619088,-0.40811332583979626,-0.0,Lower-Middle Income,Low Risk,Credit-Positive but Stretched
1,1,3,1,1,0.0,1,1,1.407286001638978,1.6666666666666667,0.16943788425398,1,0,0.11727383346991484,1421.1631066559783,0.8784999725312439,0.0,High Income,Low Risk,Credit-Positive but Stretched
1,1,0,1,0,0.0,1,1,0.339566415853386,0.4102564102564104,0.0650050091162499,1,0,0.0282972013211155,1449.7614374885588,0.2923459913440016,0.0,Upper-Middle Income,Low Risk,Credit-Positive but Stretched
0,1,0,1,0,0.0,1,1,0.3187066974595843,0.6666666666666669,0.4398593669474835,1,0,0.026558891454965358,2510.0504186813378,0.2766514816535204,0.0,Upper-Middle Income,Low Risk,Credit-Positive but Stretched
1,1,2,0,0,0.0,1,1,-0.4468449675929375,-0.282051282051282,0.3852223758702504,1,0,-0.03723708063274479,757.4676960046401,-0.5921169688167357,-0.0,Low Income,Low Risk,Credit-Positive but Stretched
0,1,1,1,1,0.0,1,1,2.1273560306935857,2.1666666666666665,0.7457693032063931,1,0,0.17727966922446547,1222.167468198872,1.1401879289479904,0.0,High Income,Low Risk,Credit-Positive but Stretched
1,1,0,1,0,0.0,1,1,0.7630186992475602,1.0384615384615383,0.2597869845441516,0,0,0.06358489160396334,1633.1634459566349,0.5670275098527123,0.0,High Income,Low Risk,Credit-Positive but Stretched
1,0,0,0,1,0.0,1,1,0.1142814572003278,0.0256410256410258,-0.1533530883993359,1,0,0.009523454766693983,269.2125299464886,0.10820976417169048,0.0,Upper-Middle Income,Low Risk,Credit-Positive but Stretched
1,1,2,1,0,0.0,0,0,1.0079713923862028,1.6410256410256412,0.5809592825335724,0,1,0.08399761603218357,1953.6341413016758,0.6971249549083758,0.0,High Income,Low Risk,Credit-Challenged
1,1,0,0,0,0.0,1,1,-0.2829471802130671,-0.1282051282051282,0.3059544386347577,0,0,-0.023578931684422256,543.7505287617415,-0.3326057733316511,-0.0,Lower-Middle Income,Low Risk,Credit-Positive but Stretched
1,0,0,1,0,0.0,1,1,-0.6208746181926544,-0.7692307692307692,-0.3498875579781355,0,1,-0.051739551516054534,1486.7651812634838,-0.9698883058988035,-0.0,Low Income,Low Risk,Credit-Positive but Stretched
1,1,3,1,0,0.0,0,0,0.1440810549057587,-0.0897435897435895,-0.3671902870709044,0,0,0.012006754575479893,-747.3802797972565,0.1346017426380568,0.0,Upper-Middle Income,Low Risk,Credit-Challenged
0,0,0,1,0,0.0,1,0,-0.9054607762795204,-1.5512820512820515,-2.049222321959571,0,1,-0.07545506468996004,2055.9290710927944,-2.35874046477325,-0.0,Low Income,Low Risk,Credit-Positive but Stretched
1,1,0,1,0,0.0,0,0,-0.0555762497206287,-0.3333333333333331,-0.4748472218497953,0,1,-0.004631354143385725,7198.873412511792,-0.057180325548909325,-0.0,Lower-Middle Income,Low Risk,Credit-Challenged
1,1,1,1,0,0.0,1,1,-0.0743499962750502,0.7179487179487181,1.3279453375004069,0,1,-0.0061958330229208505,-11589.476508766442,-0.07725908152280653,-0.0,Lower-Middle Income,Low Risk,Prime Capacity
1,1,0,1,0,0.0,0,0,0.3428443716009834,0.4487179487179488,0.1114878623749702,0,1,0.02857036430008195,1570.5163533848531,0.2947900296655137,0.0,Upper-Middle Income,Low Risk,Credit-Challenged
1,1,2,1,0,0.0,1,1,2.1273560306935857,1.8589743589743597,-0.853547019445214,0,1,0.17727966922446547,1048.605224194299,1.1401879289479904,0.0,High Income,Low Risk,Credit-Positive but Stretched
1,1,2,0,0,120.0,1,0,0.6953736124562319,0.1314102564102564,-1.977186546005172e-05,1,0,0.057947801038019324,226.76958635268417,0.5279031368715825,83.44483349474783,High Income,Low Risk,Credit-Positive but Stretched
1,1,3,1,0,0.0,1,0,0.2948670192952395,0.2564102564102566,-0.079850475127431,1,0,0.024572251607936624,1043.452696050374,0.2584080020758438,0.0,Upper-Middle Income,Low Risk,Credit-Positive but Stretched
1,1,2,1,0,-276.0,1,1,-0.5353497727780675,2.1666666666666665,0.6383290376774402,0,1,-0.044612481064838956,-4856.74677224368,-0.7664703559615135,147.75653728674664,Low Income,Low Risk,Prime Capacity
1,1,0,1,0,0.0,0,0,-0.03561051925799,0.076923076923077,0.1729462309541539,1,0,-0.0029675432714991665,-2593.0205590496344,-0.03626004030199806,-0.0,Lower-Middle Income,Low Risk,Credit-Challenged
1,0,0,1,0,0.0,1,1,0.1643447813454518,-0.2564102564102564,-0.6374930519525931,0,1,0.013695398445454317,-1872.0998621017493,0.15215850935455746,0.0,Upper-Middle Income,Low Risk,Prime Capacity
1,1,1,1,0,0.0,1,1,-0.4179393578186694,-0.2948717948717947,0.2827973932393515,0,0,-0.03482827981822245,846.6690376361546,-0.5411806404908918,-0.0,Low Income,Low Risk,Credit-Positive but Stretched
1,0,0,1,0,0.0,1,1,0.2033822543395664,0.3974358974358976,0.2538259411262128,0,1,0.016948521194963866,2344.820793840394,0.18513613742612195,0.0,Upper-Middle Income,Low Risk,Credit-Positive but Stretched
1,1,2,1,0,0.0,1,1,0.334798480220517,0.961538461538462,0.8074274502587682,1,0,0.02789987335170975,3446.266535880818,0.28878032931226183,0.0,Upper-Middle Income,Low Risk,Credit-Positive but Stretched
1,0,0,1,0,0.0,1,0,2.1273560306935857,-0.5128205128205128,-2.049222321959571,0,1,0.17727966922446547,-289.27040667428923,1.1401879289479904,0.0,High Income,Low Risk,Prime Capacity
0,1,0,1,0,0.0,1,1,-0.6706399463607241,-1.2051282051282053,-1.4275177763915612,1,0,-0.055886662196727006,2156.4175098900137,-1.1106037386613927,-0.0,Low Income,Low Risk,Credit-Positive but Stretched
1,1,1,1,0,0.0,1,0,-1.0538627728525665,-0.8846153846153846,0.9306438684555394,0,0,-0.08782189773771387,1007.2948551008659,,-0.0,Low Income,Low Risk,Credit-Positive but Stretched
1,1,1,1,0,0.0,0,0,-0.2123221336511957,0.2051282051282052,0.7729489164538206,0,0,-0.017693511137599642,-1159.4069577397204,-0.23866607175510957,-0.0,Lower-Middle Income,Low Risk,Credit-Challenged
1,1,1,1,0,-276.0,1,0,0.5562094911718691,2.1666666666666665,-0.0573504140194936,0,0,0.046350790930989094,4674.396874745379,0.4422530511230203,-153.51381956343587,Upper-Middle Income,Low Risk,Credit-Positive but Stretched
1,1,0,1,0,0.0,1,1,-0.4760485733442599,-0.3333333333333331,0.3471957470768408,0,1,-0.03967071444535499,840.2715723918295,-0.6463562961796179,-0.0,Low Income,Low Risk,Credit-Positive but Stretched
0,0,0,0,0,0.0,1,1,-0.9689339193920882,-0.7692307692307692,0.9178611649313582,1,0,-0.08074449328267401,952.6845296843643,-3.4716387106888336,-0.0,Low Income,Low Risk,Credit-Positive but Stretched
1,0,0,1,0,0.0,1,1,-0.1986143187066974,-0.4615384615384616,-0.4855665402675875,1,0,-0.016551193225558116,2788.719474439232,-0.22141294805563058,-0.0,Lower-Middle Income,Low Risk,Credit-Positive but Stretched
1,1,2,1,1,0.0,0,0,-0.8017581762646204,-0.3076923076923076,1.6509826262292255,1,0,-0.06681318135538504,460.53324625885415,-1.618267661509947,-0.0,Low Income,Low Risk,Credit-Challenged
1,1,0,1,0,-180.0,1,1,0.2978469790657826,-0.2307692307692308,-1.7231983245291451,1,0,0.024820581588815217,-929.7120328271792,0.2607067215525235,-53.61245623184087,Upper-Middle Income,Low Risk,Prime Capacity
1,1,2,1,1,-120.0,1,0,0.1738806526111897,2.1666666666666665,1.1230762450573797,1,0,0.014490054384265809,14951.753055451949,0.1603150574744094,-20.865678313342766,Upper-Middle Income,Low Risk,Credit-Positive but Stretched
1,0,3,1,1,0.0,1,1,1.1742531475825075,2.076923076923077,0.7918769110206506,1,0,0.09785442896520896,2122.440317196398,0.7766852251502553,0.0,High Income,Low Risk,Credit-Positive but Stretched
1,1,0,1,0,-180.0,1,1,0.5192579900171348,1.974358974358975,-0.48045336645833,0,0,0.043271499168094564,4562.618319523126,0.41822205120471106,-93.46643820308427,Upper-Middle Income,Low Risk,Credit-Positive but Stretched
1,1,0,1,1,0.0,1,1,2.1273560306935857,1.6666666666666667,-0.895127898904124,0,1,0.17727966922446547,940.1288216914401,1.1401879289479904,0.0,High Income,Low Risk,Credit-Positive but Stretched
1,0,0,0,0,0.0,1,1,-0.4718766296654995,-0.2564102564102564,0.511211769901836,0,0,-0.039323052472124954,652.0774992404664,-0.6384253666326185,-0.0,Low Income,Low Risk,Credit-Positive but Stretched
1,1,2,0,1,0.0,1,0,0.5860090888773002,0.7307692307692311,0.1341821122592216,0,0,0.048834090739775016,1496.4019103870262,0.46122085388810236,0.0,Upper-Middle Income,Low Risk,Credit-Positive but Stretched
1,0,0,1,0,0.0,0,0,-0.7239812262534456,-0.5384615384615384,0.5965659232894012,1,0,-0.0603317688544538,892.5156245904326,-1.287286394757449,-0.0,Low Income,Low Risk,Credit-Challenged
1,1,0,1,1,0.0,1,1,1.3548387096774193,0.6410256410256413,-0.6783086458805819,0,0,0.11290322580645161,567.7605390293652,0.8564722366632449,0.0,High Income,Low Risk,Credit-Positive but Stretched
1,1,2,1,0,0.0,1,1,0.1083215376592416,0.7948717948717953,1.0169305653443892,0,1,0.0090267948049368,8804.717121363059,0.10284674266960747,0.0,Upper-Middle Income,Low Risk,Credit-Positive but Stretched
0,0,3,1,0,-180.0,1,0,2.1273560306935857,2.1666666666666665,-1.7692160561703851,0,1,0.17727966922446547,1222.167468198872,1.1401879289479904,-382.92408552484545,High Income,Low Risk,Credit-Positive but Stretched
1,1,0,0,0,0.0,1,1,0.0803099158161364,0.3205128205128206,0.3502924780048224,0,0,0.006692492984678034,4788.423940183418,0.07724795906025902,0.0,Upper-Middle Income,Low Risk,Credit-Positive but Stretched
1,1,3,1,0,0.0,1,1,0.0853758474260597,-0.0256410256410255,-0.1885188816928454,0,1,0.007114653952171642,-360.34672025049866,0.08192633016635974,0.0,Upper-Middle Income,Low Risk,Prime Capacity
1,0,0,1,0,0.0,1,1,0.7630186992475602,0.5384615384615387,-0.2872422393888417,0,0,0.06358489160396334,846.8254904960335,0.5670275098527123,0.0,High Income,Low Risk,Credit-Positive but Stretched
0,1,1,1,0,0.0,1,1,1.9618565149370484,2.1666666666666665,1.9249439421961831,1,0,0.1634880429114207,1325.2672032832065,1.0858162727198772,0.0,High Income,Low Risk,Credit-Positive but Stretched
1,1,0,0,0,-180.0,1,0,0.2334798480220517,1.6153846153846156,-0.3898249239629428,0,1,0.01945665400183764,8302.05231952451,0.2098393196199749,-42.02637264396931,Upper-Middle Income,Low Risk,Credit-Positive but Stretched
1,1,1,1,0,0.0,1,1,0.1440810549057587,0.5512820512820514,0.5810174746225955,1,0,0.012006754575479893,4591.050290183161,0.1346017426380568,0.0,Upper-Middle Income,Low Risk,Credit-Positive but Stretched
1,1,2,0,0,0.0,1,1,-0.0055129255755047,0.3461538461538462,0.5544788994768651,0,0,-0.00045941046462539165,-75511.76791671185,-0.00552817783190369,-0.0,Lower-Middle Income,Low Risk,Prime Capacity
1,1,0,1,0,0.0,1,1,-0.0698800566192356,-0.282051282051282,-0.3678709765486157,0,0,-0.005823338051602967,4844.295874809769,-0.07244172977376245,-0.0,Lower-Middle Income,Low Risk,Credit-Positive but Stretched
0,0,0,1,0,0.0,1,1,-0.7499068762571706,-0.7564102564102564,0.0395581458762383,0,0,-0.06249223968809755,1210.4260696148851,-1.3859219355076013,-0.0,Low Income,Low Risk,Credit-Positive but Stretched
1,1,3,1,0,-180.0,1,1,-0.3905237279296729,-0.641025641025641,-1.6097812261381028,0,0,-0.03254364399413941,1969.8019655104947,-0.49515526097393775,70.29427102734113,Low Income,Low Risk,Credit-Positive but Stretched
1,1,1,1,0,0.0,1,1,0.862847351560754,1.5769230769230775,0.7058724350434692,0,1,0.07190394596339617,2193.066215119366,0.622106151365368,0.0,High Income,Low Risk,Credit-Positive but Stretched
1,1,2,1,0,0.0,1,1,0.6456082842881621,0.7307692307692311,0.0594369324333971,0,1,0.05380069035734684,1358.264444695912,0.49811009354919045,0.0,High Income,Low Risk,Credit-Positive but Stretched
0,0,0,1,1,0.0,0,0,-0.2483796468747671,0.0384615384615386,0.5472560645084465,1,0,-0.020698303906230592,-185.82873709440182,-0.2855239320792567,-0.0,Lower-Middle Income,Low Risk,Credit-Challenged
